code,name_en,group,kcal_100g,protein_100g,carbs_100g,fat_100g,fiber_100g,sugar_100g,sodium_mg_100g
13-145,"Ackee, canned, drained",DG,151.0,2.9,0.8,15.2,,0.8,240.0
13-146,"Agar, dried",DG,16.0,1.3,0.0,1.2,,0,110.0
13-147,"Agar, dried, soaked and drained",DG,2.0,0.2,0.0,0.1,,0,10.0
13-148,"Alfalfa sprouts, raw",DG,24.0,4.0,0.4,0.7,,0.3,6.0
14-870,"Almonds, flaked and ground",GA,612.0,21.1,6.9,55.8,,4.2,14.0
14-897,"Almonds, toasted",GA,579.0,21.0,5.9,52.5,10.9,5.1,3.0
14-898,"Almonds, weighed with shells",GA,205.0,7.8,1.9,18.5,4.6,1.6,0
14-896,"Almonds, whole kernels",GA,554.0,21.2,5.3,49.9,12.5,4.5,1.0
13-150,"Amaranth leaves, boiled in unsalted water",DG,16.0,3.0,0.3,0.3,,0.2,11.0
13-149,"Amaranth leaves, raw",DG,18.0,3.5,0.3,0.3,,0.2,13.0
14-001,Amla,FA,58.0,0.5,13.7,0.1,,,5.0
16-448,"Anchovies, canned in oil, drained",JC,191.0,25.2,0.0,10.0,0.0,0.0,5870.0
14-272,"Apple juice concentrate, unsweetened, commerical",PE,223.0,0.5,57.6,0.6,,57.6,11.0
14-331,"Apple juice, clear, ambient and chilled",FC,37.0,0.1,9.7,0.0,0,9.7,3.0
17-851,"Apple sauce, homemade",WC,79.0,0.3,20.2,0.2,1.4,20.2,2.0
14-344,"Apples, cooking, baked with sugar, flesh only",FA,69.0,0.2,17.1,0.4,1.9,17.1,1.0
14-345,"Apples, cooking, baked with sugar, flesh only, weighed with skin",FA,57.0,0.2,14.3,0.3,1.6,14.3,1.0
14-342,"Apples, cooking, baked without sugar, flesh only",FA,47.0,0.2,11.4,0.4,2.0,11.4,1.0
14-343,"Apples, cooking, baked without sugar, flesh only, weighed with skin",FA,40.0,0.2,9.6,0.3,1.7,9.6,1.0
14-362,"Apples, cooking, raw, flesh only, peeled",F,37.0,0.3,8.9,0.3,1.7,8.9,2.0
14-363,"Apples, cooking, raw, flesh only, weighed with skin and core",F,27.0,0.2,6.5,0.2,1.2,6.4,1.0
14-332,"Apples, cooking, stewed with sugar, flesh only",FA,81.0,0.2,20.8,0.3,1.4,20.8,1.0
14-320,"Apples, cooking, stewed without sugar, flesh only",FA,40.0,0.2,9.7,0.3,1.7,9.7,1.0
14-016,"Apples, eating, dried",FA,238.0,2.0,60.1,0.5,,60.1,16.0
14-319,"Apples, eating, raw, flesh and skin",FA,51.0,0.6,11.6,0.5,1.2,11.6,1.0
14-346,"Apples, eating, raw, flesh and skin, weighed with core",FA,43.0,0.5,10.0,0.4,1.0,10.0,1.0
14-031,"Apricots, dried",FA,188.0,4.8,43.4,0.7,,43.4,56.0
14-032,"Apricots, dried, stewed with sugar",FA,92.0,1.9,22.0,0.3,,22.0,21.0
14-033,"Apricots, dried, stewed without sugar",FA,77.0,2.0,17.8,0.3,,17.8,22.0
14-025,"Apricots, raw, flesh and skin",FA,31.0,0.9,7.2,0.1,,7.2,2.0
14-026,"Apricots, raw, flesh and skin, weighed with stones",FA,29.0,0.8,6.6,0.1,,6.6,2.0
14-392,"Apricots, ready-to-eat, semi-dried",FA,161.0,2.2,39.4,0.5,5.3,39.4,9.0
14-027,"Apricots, stewed with sugar",FA,72.0,0.7,18.3,0.1,,18.3,1.0
14-028,"Apricots, stewed with sugar, weighed with stones",FA,67.0,0.6,17.1,0.1,,17.1,1.0
14-029,"Apricots, stewed without sugar",FA,27.0,0.7,6.2,0.1,,6.2,1.0
14-030,"Apricots, stewed without sugar, weighed with stones",FA,25.0,0.7,5.8,0.1,,5.8,1.0
13-152,"Arrowhead, boiled in unsalted water",DG,91.0,4.2,17.8,0.3,,,18.0
13-151,"Arrowhead, raw",DG,107.0,5.0,21.5,0.3,,,22.0
11-001,Arrowroot,AA,355.0,0.4,94.0,0.1,,0,5.0
13-155,"Artichoke, globe, base of leaves and heart, boiled in unsalted water",DG,18.0,2.9,2.7,0.2,,1.3,15.0
13-154,"Artichoke, globe, boiled, weighed as served",DG,8.0,1.2,1.2,0.1,,0.6,6.0
13-153,"Artichoke, globe, raw",DG,18.0,2.8,2.7,0.2,,1.3,27.0
13-156,"Artichoke, Jerusalem, boiled in unsalted water, flesh only",DG,41.0,1.6,10.6,0.1,,1.6,3.0
13-639,"Asparagus, grilled",DG,25.1,3.5,2.0,0.4,1.6,2.0,3.0
13-157,"Asparagus, raw",DG,25.0,2.9,2.0,0.6,,1.9,1.0
13-640,"Asparagus, roasted in rapeseed oil",DG,35.0,3.5,2.0,1.5,1.6,2.0,4.0
13-638,"Asparagus, steamed",DG,21.0,2.9,1.6,0.4,1.3,1.6,3.0
13-651,"Aubergine, flesh and skin, boiled in unsalted water",DG,14.0,0.7,1.8,0.5,1.8,1.6,1.0
13-669,"Aubergine, flesh and skin, roasted in rapeseed oil",DG,62.0,2.1,5.2,3.8,5.1,4.6,2.0
13-412,"Aubergine, fried in butter",DG,302.0,1.2,2.8,31.9,,2.6,2.0
13-162,"Aubergine, fried in corn oil",DG,302.0,1.2,2.8,31.9,,2.6,2.0
13-577,"Aubergine, fried in rapeseed oil",DG,302.0,1.2,2.8,31.9,,2.6,2.0
13-161,"Aubergine, raw",DG,15.0,0.9,2.2,0.4,,2.0,2.0
15-001,"Aubergine, stuffed with lentils and vegetables",DR,64.0,2.0,3.9,4.6,,1.7,79.0
15-662,"Aubergine, stuffed with rice",DR,86.0,1.9,15.9,2.1,,6.0,7.0
15-663,"Aubergine, stuffed with vegetables, cheese topping",DR,119.0,5.0,3.6,9.7,,3.2,109.0
14-039,"Avocado, Fuerte, flesh only",FA,189.0,2.1,1.9,19.3,,0.5,9.0
14-040,"Avocado, Fuerte, flesh only, weighed with skin and stone",FA,134.0,1.5,1.3,13.7,,0.4,6.0
14-386,"Avocado, Hass, flesh only",FA,171.0,1.8,1.8,17.4,3.1,0.4,7.0
14-387,"Avocado, Hass, flesh only, weighed with skin and stone",FA,118.0,1.3,1.3,12.0,2.1,0.3,5.0
16-001,"Ayr, raw",JA,75.0,15.9,0.0,1.3,,0.0,
14-043,"Babaco, flesh only",FA,17.0,1.1,3.1,0.1,,3.1,2.0
16-169,"Bacha, raw",JC,123.0,18.1,0.0,5.6,,0.0,
19-644,"Bacon loin steaks, lean, grilled",MAA,158.0,28.9,1.1,4.3,,1.1,990.0
19-645,"Bacon rashers, back, dry-cured, grilled",MAA,257.0,28.4,0.0,15.9,0.0,0.0,1730.0
19-498,"Bacon rashers, back, dry-fried",MAA,295.0,24.2,0.0,22.0,0.0,0.0,1410.0
19-499,"Bacon rashers, back, fat trimmed, grilled",MAA,214.0,25.7,0.0,12.3,0.0,0.0,1430.0
19-646,"Bacon rashers, back, fat trimmed, raw",MAA,136.0,18.8,0.0,6.7,0.0,0.0,1000.0
19-500,"Bacon rashers, back, grilled",MAA,287.0,23.2,0.0,21.6,0.0,0.0,1390.0
19-501,"Bacon rashers, back, grilled crispy",MAA,313.0,36.0,0.0,18.8,0.0,0.0,2000.0
19-502,"Bacon rashers, back, microwaved",MAA,307.0,24.2,0.0,23.3,0.0,0.0,1730.0
19-497,"Bacon rashers, back, raw",MAA,215.0,16.5,0.0,16.5,0.0,0.0,1140.0
19-009,"Bacon rashers, back, reduced salt, grilled",MAA,282.0,24.1,0.0,20.6,0.0,0.0,1130.0
19-659,"Bacon rashers, back, smoked, grilled",MAA,293.0,23.4,0.0,22.1,0.0,0.0,1390.0
19-647,"Bacon rashers, back, sweetcure, grilled",MAA,258.0,23.8,1.6,17.4,0.0,1.6,1390.0
19-660,"Bacon rashers, back, 'tendersweet', grilled",MAA,213.0,26.4,0.0,11.9,0.0,0,1390.0
19-648,"Bacon rashers, middle, fried in corn oil",MAA,350.0,23.4,0.0,28.5,0.0,0.0,1390.0
19-503,"Bacon rashers, middle, grilled",MAA,307.0,24.8,0.0,23.1,0.0,0.0,1390.0
19-649,"Bacon rashers, middle, raw",MAA,241.0,15.2,0.0,20.0,0.0,0.0,1050.0
19-504,"Bacon rashers, streaky, fried in corn oil",MAA,335.0,23.8,0.0,26.6,0.0,0.0,1680.0
19-018,"Bacon rashers, streaky, grilled",MAA,337.0,23.8,0.0,26.9,0.0,0.0,1680.0
19-016,"Bacon rashers, streaky, raw",MAA,276.0,15.8,0.0,23.6,,0.0,1260.0
19-537,"Bacon, fat only, average, cooked",MAA,692.0,9.3,0.0,72.8,0.0,0.0,740.0
19-650,"Bacon, fat only, average, raw",MAA,747.0,4.8,0.0,80.9,0.0,0.0,420.0
11-970,"Bagels, plain",AP,273.0,10.0,57.8,1.8,3.0,4.8,400.0
13-578,"Baked beans, canned in barbecue sauce",DB,77.0,5.3,14.0,0.4,4.9,4.8,260.0
13-532,"Baked beans, canned in tomato sauce",DB,81.0,5.0,15.0,0.5,4.9,4.8,261.0
13-535,"Baked beans, canned in tomato sauce, reduced sugar, reduced salt",DB,75.0,5.0,13.5,0.5,4.9,3.3,190.0
13-579,"Baked beans, canned in tomato sauce, with pork sausages",DB,98.0,6.0,11.0,4.5,3.3,4.0,260.0
12-500,"Baking fat and margarine (75-90% fat), hard block",BTM,688.0,0.0,0.0,76.4,0.0,0.0,600.0
17-355,Baking powder,WY,163.0,5.2,37.8,0.0,0.0,0.0,11800.0
11-1029,"Banana bread, homemade",AN,331.0,4.4,53.9,12.4,,36.3,171.0
12-556,"Banana split, homemade",BP,205.0,2.3,23.9,11.8,0.6,18.4,38.0
14-318,"Bananas, flesh only",FA,81.0,1.2,20.3,0.1,1.4,18.1,0
14-347,"Bananas, raw, flesh only, weighed with skin",FA,51.0,0.8,12.8,0.0,0.9,11.4,0
11-1030,"Bannocks, made with beremeal, homemade",AF,266.0,9.3,56.8,1.7,1.0,3.1,111.0
11-951,"Bannocks, made with wheat flour, homemade",AF,292.0,8.5,65.5,1.3,3.1,2.4,152.0
17-705,Barbecue sauce,WCN,140.0,1.0,36.1,0.1,1.2,29.9,630.0
17-769,"Barbecue sauce, homemade",WC,300.0,2.7,26.1,21.0,1.7,21.5,392.0
14-804,"Barcelona nuts, Kernel only",GA,639.0,10.9,5.2,64.0,,3.4,3.0
14-805,"Barcelona nuts, kernel only, weighed with shells",GA,397.0,6.8,3.2,39.7,,2.1,2.0
17-844,"Barley water, diluted",PCC,18.0,0.1,4.7,0.0,0,4.3,3.0
17-743,"Barley water, undiluted",PCC,90.0,0.3,23.7,0.0,0,21.5,15.0
11-003,"Barley, pearl, boiled",AA,120.0,2.7,27.6,0.6,,0,1.0
11-002,"Barley, pearl, raw",AA,360.0,7.9,83.6,1.7,,0,3.0
13-805,"Basil, dried, ground",H,251.0,14.4,43.2,4.0,,,34.0
13-804,"Basil, fresh",H,40.0,3.1,5.1,0.8,,,9.0
16-386,"Bass, sea, flesh only, baked",JA,154.0,23.2,0.0,6.8,0.0,0.0,80.0
16-463,"Bass, sea, flesh only, baked, weighed with bones and skin",JA,137.0,20.6,0.0,6.1,0.0,0.0,71.0
16-385,"Bass, sea, flesh only, raw",JA,168.0,20.0,0.0,9.8,0.0,0.0,72.0
16-464,"Bass, sea, flesh only, raw, weighed with bones and skin",JA,144.0,17.2,0.0,8.4,0.0,0.0,62.0
13-806,"Bay leaf, dried",H,313.0,7.6,48.6,8.4,,,23.0
15-664,"Bean loaf, mixed beans, homemade",DR,148.0,6.6,15.1,7.2,,3.6,5.0
15-665,"Beanburger, aduki, fried in rapeseed oil, homemade",DR,190.0,8.1,24.1,7.3,,2.3,208.0
15-666,"Beanburger, butter bean, fried in rapeseed oil, homemade",DR,194.0,5.7,20.2,10.6,,3.0,71.0
15-667,"Beanburger, red kidney bean, fried in rapeseed oil",DR,202.0,6.2,21.7,10.7,,2.6,71.0
15-668,"Beanburger, soya, fried in rapeseed oil",DR,193.0,10.5,14.5,10.7,,3.7,201.0
13-042,"Beans, aduki, whole, dried, boiled in unsalted water",DB,123.0,9.3,22.5,0.2,,0.5,2.0
13-041,"Beans, aduki, whole, dried, raw",DB,272.0,19.9,50.1,0.5,,1.0,5.0
13-049,"Beans, balor, ends trimmed, raw",DB,23.0,2.7,3.0,0.1,,2.4,1.0
13-063,"Beans, blackeye, whole, dried, boiled in unsalted water",DB,116.0,8.8,19.9,0.7,,1.1,5.0
13-062,"Beans, blackeye, whole, dried, raw",DB,311.0,23.5,54.1,1.6,,2.9,16.0
13-067,"Beans, broad, dried, raw",DB,245.0,26.1,32.5,2.1,,5.9,11.0
13-648,"Beans, broad, whole, boiled in unsalted water",DB,91.0,9.0,12.3,1.0,9.0,1.1,2.0
13-064,"Beans, broad, whole, raw",DB,59.0,5.7,7.2,1.0,,1.3,1.0
13-559,"Beans, butter, canned, re-heated, drained",DB,77.0,5.9,13.0,0.5,,1.1,0
13-663,"Beans, butter, dried, boiled in unsalted water",DB,105.0,8.1,16.8,1.1,11.2,1.4,0
13-070,"Beans, butter, dried, raw",DB,290.0,19.1,52.9,1.7,,3.6,40.0
13-666,"Beans, cannellini, canned, re-heated, drained",DB,104.0,7.6,15.9,1.6,6.8,0.7,7.0
13-670,"Beans, chick peas, canned, re-heated, drained",DB,129.0,8.4,18.3,3.0,7.1,0.7,1.0
13-077,"Beans, chick peas, Kabuli, split, dried, boiled in unsalted water",DB,114.0,7.7,17.4,2.0,,1.0,5.0
13-076,"Beans, chick peas, Kabuli, split, dried, raw",DB,325.0,22.7,49.6,5.4,,2.6,39.0
13-662,"Beans, chick peas, Kabuli, whole, dried, boiled in unsalted water",DB,129.0,8.4,18.3,3.0,10.6,0.7,1.0
13-074,"Beans, chick peas, Kabuli, whole, dried, raw",DB,320.0,21.3,49.6,5.4,,2.6,39.0
13-080,"Beans, cluster, raw",DB,23.0,2.6,3.0,0.1,,2.9,1.0
13-667,"Beans, edamame, frozen, boiled in unsalted water",DB,142.0,12.2,6.5,7.6,5.9,2.6,5.0
13-515,"Beans, green, boiled in unsalted water",DB,26.0,2.1,4.0,0.3,4.1,3.0,0
13-514,"Beans, green, raw",DB,24.0,2.1,3.1,0.4,3.4,2.2,0
13-665,"Beans, haricot, canned, re-heated, drained",DB,96.0,7.1,15.6,1.0,6.8,0.6,6.0
13-087,"Beans, haricot, whole, dried, boiled in unsalted water",DB,95.0,6.6,17.2,0.5,,0.8,15.0
13-086,"Beans, haricot, whole, dried, raw",DB,286.0,21.4,49.7,1.6,,2.8,43.0
13-099,"Beans, mung, dahl, dried, boiled in unsalted water",DB,92.0,7.8,15.3,0.4,,0.5,2.0
13-098,"Beans, mung, dahl, dried, raw",DB,291.0,26.8,46.3,1.1,,1.5,12.0
13-664,"Beans, mung, whole, dried, boiled in unsalted water",DB,100.0,8.6,15.8,0.7,6.1,0.4,0
13-096,"Beans, mung, whole, dried, raw",DB,279.0,23.9,46.3,1.1,,1.5,12.0
13-100,"Beans, papri, raw",DB,40.0,5.4,4.2,0.3,,1.8,1.0
13-105,"Beans, pigeon peas, dahl, dried, boiled in unsalted water",DB,118.0,8.7,21.2,0.5,,0.6,14.0
13-104,"Beans, pigeon peas, dahl, dried, raw",DB,324.0,21.8,58.6,1.9,,1.7,38.0
13-103,"Beans, pigeon peas, whole, dried, boiled in unsalted water",DB,117.0,8.5,21.2,0.5,,0.6,14.0
13-102,"Beans, pigeon peas, whole, dried, raw",DB,317.0,20.0,58.6,1.9,,1.7,38.0
13-107,"Beans, pinto, dried, boiled in unsalted water",DB,137.0,8.9,23.9,0.7,,,1.0
13-106,"Beans, pinto, dried, raw",DB,327.0,21.1,57.1,1.6,,,10.0
13-108,"Beans, pinto, re-fried beans",DB,107.0,6.2,15.3,1.1,,,420.0
13-660,"Beans, red kidney, canned in water, re-heated, drained",DB,100.0,8.6,15.1,1.0,6.8,0.8,0
13-659,"Beans, red kidney, dried, boiled in unsalted water",DB,100.0,8.6,15.1,1.0,11.1,0.8,0
13-109,"Beans, red kidney, dried, raw",DB,266.0,22.1,44.1,1.4,,2.5,18.0
13-654,"Beans, runner, boiled in unsalted water",DB,16.0,1.1,1.9,0.5,2.2,1.6,0
13-112,"Beans, runner, raw",DB,22.0,1.6,3.2,0.4,,2.8,0
13-116,"Beans, soya, dried, boiled in unsalted water",DB,141.0,14.0,5.1,7.3,,2.1,1.0
13-115,"Beans, soya, dried, raw",DB,370.0,35.9,15.8,18.6,,5.5,5.0
13-117,"Beans, sword, raw",DB,41.0,2.5,7.2,0.3,,,29.0
13-580,"Beansprouts, mung, boiled in unsalted water",DB,25.0,2.5,2.8,0.5,,1.4,4.0
13-426,"Beansprouts, mung, raw",DB,31.0,2.9,4.0,0.5,,2.2,5.0
13-567,"Beansprouts, mung, stir-fried in rapeseed oil",DB,72.0,1.9,2.5,6.1,,1.4,3.0
19-471,"Beef bourguignon, homemade",MR,140.0,13.8,2.5,6.2,0.4,0.9,238.0
19-548,"Beef bourguignonne, made with lean beef, homemade",MR,105.0,14.1,2.5,4.2,0.5,0.8,233.0
17-514,Beef extract,WY,179.0,40.4,3.2,0.6,0.0,0.4,4370.0
19-588,"Beef olives, homemade",MR,159.0,13.9,1.6,11.0,0.2,0.3,437.0
19-589,"Beef steak pudding, homemade",MR,207.0,11.5,18.7,10.2,1.1,0.8,82.0
19-551,"Beef Stroganoff, homemade",MR,171.0,15.3,2.5,11.2,0.6,2.1,54.0
19-552,"Beef Wellington, homemade",MR,356.0,16.3,16.2,25.5,1.4,0.7,297.0
18-009,"Beef, braising steak, braised, lean and fat",MAC,246.0,32.9,0.0,12.7,0.0,0.0,60.0
18-008,"Beef, braising steak, braised, lean only",MAC,225.0,34.4,0.0,9.7,0.0,0.0,62.0
18-006,"Beef, braising steak, raw, lean",MAC,139.0,21.8,0.0,5.7,,0.0,64.0
18-007,"Beef, braising steak, raw, lean and fat",MAC,160.0,20.7,0.0,8.6,,0.0,60.0
18-010,"Beef, braising steak, slow cooked, lean",MAC,197.0,31.4,0.0,7.9,,0.0,53.0
18-011,"Beef, braising steak, slow cooked, lean and fat",MAC,217.0,29.0,0.0,11.2,,0.0,50.0
18-014,"Beef, brisket, boiled, lean",MAC,225.0,31.4,0.0,11.0,,0.0,50.0
18-015,"Beef, brisket, boiled, lean and fat",MAC,268.0,27.8,0.0,17.4,,0.0,46.0
18-012,"Beef, brisket, raw, lean",MAC,139.0,21.1,0.0,6.1,,0.0,59.0
18-013,"Beef, brisket, raw, lean and fat",MAC,218.0,18.4,0.0,16.0,,0.0,50.0
18-005,"Beef, fat, average, cooked",MAC,533.0,15.5,0.0,52.3,0.0,0.0,35.0
18-003,"Beef, fat, average, raw",MAC,558.0,18.9,0.0,53.6,0.0,0.0,26.0
18-004,"Beef, fat, average, raw, extra trimmed",MAC,677.0,6.8,0.0,72.2,,0.0,
18-018,"Beef, fillet steak, fried in corn oil, lean",MAC,184.0,28.2,0.0,7.9,,0.0,68.0
18-019,"Beef, fillet steak, fried in corn oil, lean and fat",MAC,192.0,28.0,0.0,8.9,,0.0,67.0
18-022,"Beef, fillet steak, from steakhouse, lean",MAC,178.0,28.7,0.0,7.0,,0.0,61.0
18-023,"Beef, fillet steak, from steakhouse, lean and fat",MAC,184.0,28.5,0.0,7.8,,0.0,61.0
18-020,"Beef, fillet steak, grilled, lean",MAC,188.0,29.1,0.0,8.0,,0.0,70.0
18-021,"Beef, fillet steak, grilled, lean and fat",MAC,200.0,28.7,0.0,9.5,,0.0,67.0
18-016,"Beef, fillet steak, raw, lean",MAC,140.0,21.2,0.0,6.1,,0.0,44.0
18-017,"Beef, fillet steak, raw, lean and fat",MAC,155.0,20.9,0.0,7.9,,0.0,43.0
18-026,"Beef, flank, pot-roasted, lean",MAC,253.0,31.8,0.0,14.0,,0.0,51.0
18-027,"Beef, flank, pot-roasted, lean and fat",MAC,309.0,27.1,0.0,22.3,,0.0,45.0
18-024,"Beef, flank, raw, lean",MAC,175.0,22.7,0.0,9.3,,0.0,64.0
18-025,"Beef, flank, raw, lean and fat",MAC,266.0,19.7,0.0,20.8,,0.0,54.0
18-030,"Beef, fore-rib/rib-roast, microwaved, lean",MAC,243.0,35.0,0.0,11.4,,0.0,60.0
18-031,"Beef, fore-rib/rib-roast, microwaved, lean and fat",MAC,306.0,30.4,0.0,20.5,,0.0,54.0
18-032,"Beef, fore-rib/rib-roast, microwaved, lean and fat, weighed with bone",MAC,254.0,25.2,0.0,17.0,,0.0,45.0
18-028,"Beef, fore-rib/rib-roast, raw, lean",MAC,145.0,21.5,0.0,6.5,,0.0,61.0
18-029,"Beef, fore-rib/rib-roast, raw, lean and fat",MAC,253.0,18.8,0.0,19.8,,0.0,52.0
18-033,"Beef, fore-rib/rib-roast, roasted, lean",MAC,236.0,33.3,0.0,11.4,,0.0,57.0
18-034,"Beef, fore-rib/rib-roast, roasted, lean and fat",MAC,300.0,29.1,0.0,20.4,,0.0,54.0
18-035,"Beef, fore-rib/rib-roast, roasted, lean and fat, weighed with bone",MAC,252.0,24.4,0.0,17.1,,0.0,43.0
18-468,"Beef, lean, average, raw",MAC,129.0,22.5,0.0,4.3,0.0,0.0,63.0
18-002,"Beef, lean, average, raw, extra trimmed",MAC,132.0,21.6,0.0,5.1,,0.0,
18-042,"Beef, mince patties, barbecued",MAC,264.0,29.6,0.0,16.2,,0.0,98.0
18-507,"Beef, mince, extra lean, stewed",MAC,137.0,24.7,0.0,4.2,0.0,0.0,75.0
18-039,"Beef, mince, frozen, stewed",MAC,204.0,19.3,0.0,14.1,,0.0,62.0
18-037,"Beef, mince, microwaved",MAC,263.0,26.4,0.0,17.5,0.0,0.0,91.0
18-469,"Beef, mince, raw",MAC,225.0,19.7,0.0,16.2,0.0,0.0,80.0
18-508,"Beef, mince, raw, extra lean",MAC,130.0,21.9,0.0,4.2,,0.0,90.0
19-607,"Beef, mince, stewed",MR,139.0,10.9,2.5,9.9,0.3,0.6,73.0
18-470,"Beef, mince, stewed",MAC,209.0,21.8,0.0,13.5,0.0,0.0,73.0
19-606,"Beef, mince, with vegetables, stewed",MR,122.0,9.2,5.7,7.2,1.2,2.3,254.0
19-664,"Beef, minced, stewed with onions, extra lean",MR,113.0,12.1,2.5,3.6,0.3,0.6,288.0
18-045,"Beef, rump steak, barbecued, lean",MAC,176.0,31.2,0.0,5.7,0.0,0.0,78.0
18-046,"Beef, rump steak, barbecued, lean and fat",MAC,203.0,29.5,0.0,9.4,,0.0,74.0
18-472,"Beef, rump steak, fried in corn oil, lean and fat",MAC,228.0,28.4,0.0,12.7,0.0,0.0,71.0
18-473,"Beef, rump steak, fried in corn oil, lean only",MAC,183.0,30.9,0.0,6.6,0.0,0.0,78.0
18-051,"Beef, rump steak, from steakhouse, lean and fat",MAC,213.0,27.5,0.0,11.4,,0.0,66.0
18-050,"Beef, rump steak, from steakhouse, lean only",MAC,162.0,29.8,0.0,4.7,0.0,0.0,72.0
18-474,"Beef, rump steak, grilled, lean only",MAC,177.0,31.0,0.0,5.9,0.0,0.0,74.0
18-043,"Beef, rump steak, raw, lean",MAC,125.0,22.0,0.0,4.1,,0.0,60.0
18-471,"Beef, rump steak, raw, lean and fat",MAC,174.0,20.7,0.0,10.1,0.0,0.0,56.0
18-052,"Beef, rump steak, strips, stir-fried in corn oil, lean",MAC,208.0,32.3,0.0,8.8,0.0,0.0,78.0
18-053,"Beef, rump steak, strips, stir-fried in corn oil, lean and fat",MAC,248.0,29.7,0.0,14.4,,0.0,71.0
18-056,"Beef, silverside, pot-roasted, lean",MAC,193.0,34.0,0.0,6.3,,0.0,58.0
18-057,"Beef, silverside, pot-roasted, lean and fat",MAC,247.0,31.0,0.0,13.7,,0.0,54.0
18-054,"Beef, silverside, raw, lean",MAC,134.0,23.8,0.0,4.3,,0.0,62.0
18-055,"Beef, silverside, raw, lean and fat",MAC,215.0,20.4,0.0,14.8,,0.0,53.0
18-060,"Beef, silverside, salted, boiled, lean",MAC,184.0,30.4,0.0,6.9,0.0,0.0,1020.0
18-061,"Beef, silverside, salted, boiled, lean and fat",MAC,224.0,27.9,0.0,12.5,,0.0,940.0
18-058,"Beef, silverside, salted, raw, lean",MAC,140.0,19.2,0.0,7.0,,0.0,640.0
18-059,"Beef, silverside, salted, raw, lean and fat",MAC,227.0,16.3,0.0,18.0,,0.0,550.0
18-062,"Beef, sirloin joint, roasted, lean",MAC,188.0,32.4,0.0,6.5,,0.0,55.0
18-063,"Beef, sirloin joint, roasted, lean and fat",MAC,233.0,29.8,0.0,12.6,,0.0,53.0
18-066,"Beef, sirloin steak, fried in corn oil, lean",MAC,189.0,28.8,0.0,8.2,,0.0,69.0
18-067,"Beef, sirloin steak, fried in corn oil, lean and fat",MAC,233.0,26.8,0.0,14.0,,0.0,64.0
18-074,"Beef, sirloin steak, from steakhouse, lean",MAC,172.0,31.5,0.0,5.1,,0.0,76.0
18-075,"Beef, sirloin steak, from steakhouse, lean and fat",MAC,215.0,29.6,0.0,10.7,,0.0,71.0
18-070,"Beef, sirloin steak, grilled medium-rare, lean",MAC,176.0,26.6,0.0,7.7,,0.0,65.0
18-071,"Beef, sirloin steak, grilled medium-rare, lean and fat",MAC,213.0,24.8,0.0,12.6,,0.0,60.0
18-068,"Beef, sirloin steak, grilled rare, lean",MAC,166.0,26.4,0.0,6.7,,0.0,63.0
18-069,"Beef, sirloin steak, grilled rare, lean and fat",MAC,216.0,25.1,0.0,12.8,,0.0,60.0
18-072,"Beef, sirloin steak, grilled well-done, lean",MAC,225.0,33.9,0.0,9.9,,0.0,81.0
18-073,"Beef, sirloin steak, grilled well-done, lean and fat",MAC,257.0,31.8,0.0,14.4,,0.0,76.0
18-064,"Beef, sirloin steak, raw, lean",MAC,135.0,23.5,0.0,4.5,,0.0,70.0
18-065,"Beef, sirloin steak, raw, lean and fat",MAC,201.0,21.6,0.0,12.7,,0.0,62.0
18-082,"Beef, stewing steak, frozen, stewed, lean",MAC,195.0,29.7,0.0,8.5,,0.0,47.0
18-083,"Beef, stewing steak, frozen, stewed, lean and fat",MAC,212.0,26.9,0.0,11.6,,0.0,44.0
18-078,"Beef, stewing steak, pressure cooked, lean",MAC,199.0,35.1,0.0,6.5,,0.0,60.0
18-079,"Beef, stewing steak, pressure cooked, lean and fat",MAC,217.0,34.0,0.0,9.0,,0.0,60.0
18-076,"Beef, stewing steak, raw, lean",MAC,122.0,22.6,0.0,3.5,0.0,0.0,69.0
18-077,"Beef, stewing steak, raw, lean and fat",MAC,146.0,22.1,0.0,6.4,0.0,0.0,66.0
18-080,"Beef, stewing steak, stewed, lean",MAC,185.0,32.0,0.0,6.3,0.0,0.0,54.0
18-081,"Beef, stewing steak, stewed, lean and fat",MAC,203.0,29.2,0.0,9.6,0.0,0.0,51.0
19-530,"Beef, stir-fried with green peppers, homemade",MR,145.0,11.8,6.1,8.0,,3.8,212.0
18-086,"Beef, topside, microwaved, lean",MAC,181.0,35.0,0.0,4.6,,0.0,60.0
18-087,"Beef, topside, microwaved, lean and fat",MAC,228.0,32.1,0.0,11.1,,0.0,55.0
18-084,"Beef, topside, raw, lean",MAC,116.0,23.0,0.0,2.7,,0.0,77.0
18-085,"Beef, topside, raw, lean and fat",MAC,198.0,20.4,0.0,12.9,,0.0,67.0
18-088,"Beef, topside, roasted medium-rare, lean",MAC,175.0,32.2,0.0,5.1,0.0,0.0,66.0
18-089,"Beef, topside, roasted medium-rare, lean and fat",MAC,222.0,29.9,0.0,11.4,0.0,0.0,62.0
18-090,"Beef, topside, roasted well-done, lean",MAC,202.0,36.2,0.0,6.3,,0.0,62.0
18-091,"Beef, topside, roasted well-done, lean and fat",MAC,244.0,32.8,0.0,12.5,,0.0,57.0
17-506,"Beer, bitter, average (<4% ABV)",QA,30.0,0.3,2.2,0.0,0,2.2,6.0
17-208,"Beer, bitter, best, premium",QA,33.0,0.3,2.2,0.0,0,2.2,8.0
17-748,"Beer, bitter, strong (>5% ABV)",QA,42.0,0.3,2.2,0.0,0,2.2,8.0
13-633,"Beetroot, cooked in unsalted water",DG,53.0,1.6,11.6,0.3,2.6,10.9,52.0
13-166,"Beetroot, pickled, drained",DG,28.0,1.2,5.6,0.2,,5.6,120.0
13-164,"Beetroot, raw",DG,36.0,1.7,7.6,0.1,,7.0,66.0
16-003,"Bele, raw",JA,67.0,15.3,0.0,0.7,,0.0,
13-807,"Betel leaves, fresh",H,61.0,6.4,8.6,0.1,,,7.0
14-806,Betel nuts,GA,339.0,5.2,56.7,10.2,,,76.0
15-669,"Bhaji, aubergine and potato, homemade",DR,135.0,1.8,13.4,8.8,,3.2,6.0
15-670,"Bhaji, aubergine, pea, potato and cauliflower, homemade",DR,72.0,2.9,10.7,2.5,,4.3,10.0
15-672,"Bhaji, cabbage and pea, with butter ghee, homemade",DR,177.0,3.4,9.7,14.2,4.8,7.1,251.0
15-673,"Bhaji, cabbage and pea, with rapeseed oil, homemade",DR,180.0,3.4,9.7,14.5,4.8,7.1,11.0
15-674,"Bhaji, cabbage and potato, with butter, homemade",DR,98.0,2.7,9.7,5.6,4.1,4.9,55.0
15-397,"Bhaji, cabbage and potato, with rapeseed oil, homemade",DR,106.0,2.2,9.1,7.0,,4.7,7.0
15-675,"Bhaji, cabbage and potato, with vegetable oil",DR,108.0,2.7,9.6,6.8,4.1,4.9,7.0
15-016,"Bhaji, cabbage and spinach",DR,198.0,3.6,7.8,17.1,,3.8,480.0
15-671,"Bhaji, cabbage, homemade",DR,77.0,2.8,6.8,4.5,4.4,5.9,8.0
15-676,"Bhaji, carrot, potato and pea, with butter, homemade",DR,116.0,2.2,12.9,6.6,4.1,6.8,72.0
15-677,"Bhaji, carrot, potato and pea, with vegetable oil, homemade",DR,128.0,2.1,12.9,7.9,4.1,6.7,17.0
15-679,"Bhaji, cauliflower and potato, homemade",DR,106.0,3.3,10.1,6.8,2.3,2.8,17.0
15-680,"Bhaji, cauliflower and vegetable, homemade",DR,117.0,3.1,6.6,9.1,,4.0,89.0
15-678,"Bhaji, cauliflower, homemade",DR,211.0,2.9,5.5,20.1,2.2,3.8,19.0
15-021,"Bhaji, cauliflower, potato and pea, with butter",DR,145.0,3.5,8.2,11.3,,2.5,400.0
15-022,"Bhaji, cauliflower, potato and pea, with vegetable oil",DR,166.0,3.4,8.2,13.7,,2.5,300.0
15-024,"Bhaji, green bean",DR,91.0,2.2,5.0,7.6,,4.1,460.0
15-025,"Bhaji, karela, with butter ghee, homemade",DR,103.0,1.8,1.2,10.6,,0,
15-026,"Bhaji, karela, with vegetable oil, homemade",DR,103.0,1.8,1.2,10.6,,0,
15-681,"Bhaji, mushroom, homemade",DR,168.0,1.2,4.1,16.6,1.5,3.2,9.0
15-683,"Bhaji, mustard leaves and spinach, homemade",DR,84.0,3.1,3.8,6.5,,1.6,135.0
15-682,"Bhaji, mustard leaves, homemade",DR,85.0,3.0,4.6,6.3,,1.3,90.0
15-684,"Bhaji, okra, Bangladeshi, with butter ghee, homemade",DR,97.0,2.4,7.7,6.2,,5.6,7.0
15-685,"Bhaji, okra, Bangladeshi, with vegetable oil, homemade",DR,97.0,2.4,7.7,6.4,,5.6,7.0
15-686,"Bhaji, okra, Islami, homemade",DR,201.0,4.6,8.9,17.1,,7.0,75.0
15-687,"Bhaji, pea, homemade",DR,363.0,5.0,9.3,34.6,3.8,3.2,306.0
15-688,"Bhaji, potato and fenugreek leaves, homemade",DR,222.0,3.7,18.8,15.9,,,47.0
15-689,"Bhaji, potato and green pepper, homemade",DR,134.0,1.5,12.7,9.0,,2.6,3.0
15-690,"Bhaji, potato and onion, homemade",DR,162.0,2.1,16.7,10.1,2.6,3.4,92.0
15-691,"Bhaji, potato, onion and mushroom, homemade",DR,211.0,1.7,12.1,17.3,2.2,3.5,9.0
15-040,"Bhaji, potato, spinach and cauliflower, homemade",DR,169.0,2.2,7.1,15.1,,1.6,37.0
15-692,"Bhaji, potato, with butter ghee, homemade",DR,161.0,2.2,16.6,9.8,2.1,1.5,4.0
15-693,"Bhaji, potato, with vegetable oil, homemade",DR,161.0,2.2,16.6,10.0,2.1,1.5,4.0
15-695,"Bhaji, spinach and potato, homemade",DR,192.0,3.6,13.4,14.1,,1.6,102.0
15-694,"Bhaji, spinach, homemade",DR,83.0,3.3,2.5,6.9,,2.1,213.0
15-697,"Bhaji, turnip and onion, homemade",DR,126.0,1.2,7.1,10.6,,5.9,11.0
15-696,"Bhaji, turnip, homemade",DR,179.0,1.3,6.5,16.4,,5.4,17.0
15-047,"Bhaji, vegetable, Punjabi, with butter",DR,108.0,3.5,8.2,7.2,,5.5,450.0
15-048,"Bhaji, vegetable, Punjabi, with vegetable oil",DR,120.0,3.5,8.2,8.6,,5.5,390.0
15-698,"Bhaji, vegetable, with butter, homemade",DR,185.0,1.9,10.3,15.3,,4.7,145.0
15-699,"Bhaji, vegetable, with rapeseed oil, homemade",DR,213.0,1.8,10.1,18.5,,4.6,16.0
17-356,Bicarbonate of soda,WY,0.0,0.0,0.0,0.0,,0.0,27380.0
19-454,"Biryani, chicken, takeaway",MR,163.0,8.5,16.6,7.4,1.2,0.9,263.0
11-821,"Biscuits, cheese flavoured",AM,494.0,10.5,53.2,28.1,4.5,2.7,882.0
11-816,"Biscuits, cookies, chocolate chip, American style",AM,440.0,5.2,60.6,21.3,2.5,40.5,422.0
11-815,"Biscuits, cookies, chocolate chip, standard",AM,471.0,5.4,60.0,24.9,3.0,30.0,298.0
11-807,"Biscuits, digestive, half coated in chocolate",AM,488.0,6.3,61.8,25.7,2.1,24.3,351.0
11-799,"Biscuits, digestive, plain",AM,463.0,6.2,65.6,21.3,3.8,17.5,561.0
11-803,"Biscuits, digestive, with oats, plain",AM,480.0,6.4,66.4,22.9,7.2,25.9,328.0
11-809,"Biscuits, fully coated with chocolate",AM,506.0,6.4,62.8,27.2,1.7,39.3,229.0
11-810,"Biscuits, fully coated with chocolate, with cream",AM,496.0,5.2,59.0,28.2,3.1,37.4,174.0
11-811,"Biscuits, fully coated with chocolate, with marshmallow",AM,413.0,4.5,59.9,19.0,2.7,41.4,132.0
11-798,"Biscuits, ginger nuts",AM,443.0,4.8,75.3,15.7,2.2,31.3,429.0
11-952,"Biscuits, gingernut, homemade",AM,459.0,4.5,70.0,19.8,2.1,32.6,626.0
11-808,"Biscuits, iced",AM,406.0,4.8,77.1,10.8,0.6,44.6,274.0
11-804,"Biscuits, jam filled",AM,428.0,5.2,74.0,14.4,1.2,33.0,164.0
11-1035,"Biscuits, melting moments, homemade",AM,564.0,3.4,57.8,37.1,,,335.0
11-1060,"Biscuits, oat based, chocolate, half coated",AM,489.0,6.6,63.9,24.9,6.0,33.1,271.0
11-1032,"Biscuits, plain, homemade",AM,471.0,6.2,66.0,22.1,2.0,26.4,201.0
11-801,"Biscuits, plain, reduced fat",AM,432.0,6.6,75.7,13.5,4.4,21.2,471.0
11-813,"Biscuits, sandwich, cream",AM,477.0,5.0,65.8,23.3,3.1,29.9,188.0
11-797,"Biscuits, semi-sweet",AM,444.0,6.4,75.4,15.1,2.7,20.3,358.0
11-806,"Biscuits, short or sweet, half coated in chocolate",AM,506.0,6.0,70.3,24.2,1.4,35.5,249.0
11-796,"Biscuits, short, sweet",AM,479.0,5.6,71.7,20.9,2.2,23.8,403.0
11-1034,"Biscuits, wholemeal, homemade",AM,369.0,12.7,66.6,7.5,9.2,4.2,69.0
13-059,"Black gram, chilki urad dahl, dried, split, boiled in unsalted water",DB,90.0,8.0,13.6,0.4,,0.3,13.0
13-058,"Black gram, chilki urad dahl, split, dried, raw",DB,287.0,26.0,42.5,1.4,,1.3,40.0
13-061,"Black gram, duhli urad dahl, split, dried, boiled in unsalted water",DB,96.0,8.1,15.1,0.4,,0.3,13.0
13-060,"Black gram, duhli urad dahl, split, dried, raw",DB,298.0,27.2,44.0,1.4,,1.3,40.0
13-057,"Black gram, urad gram, whole, dried, boiled in unsalted water",DB,89.0,7.8,13.6,0.4,,0.3,13.0
13-056,"Black gram, urad gram, whole, dried, raw",DB,275.0,24.9,40.8,1.4,,1.3,40.0
19-114,"Black pudding, dry-fried",MI,297.0,10.3,16.6,21.5,,0.2,940.0
19-113,"Black pudding, raw",MI,277.0,9.1,14.8,20.6,,0.2,830.0
14-388,"Blackberries, raw",FA,27.0,1.1,5.6,0.2,3.4,5.6,1.0
14-049,"Blackberries, stewed with sugar",FA,56.0,0.7,13.8,0.2,2.4,13.8,1.0
14-050,"Blackberries, stewed without sugar",FA,21.0,0.8,4.4,0.2,,4.4,1.0
14-349,"Blackberry and apple, stewed with sugar",FA,63.0,0.4,15.8,0.2,,15.8,2.0
14-364,"Blackberry and apple, stewed without sugar",F,28.0,0.5,6.4,0.2,,6.4,2.0
17-845,"Blackcurrant juice drink/squash, diluted",PCC,27.0,0.0,7.2,0.0,0.0,7.2,2.0
17-737,"Blackcurrant juice drink/squash, undiluted",PCC,204.0,0.1,54.2,0.0,0.0,54.2,16.0
14-053,"Blackcurrants, raw",FA,28.0,0.9,6.6,0.0,,6.6,3.0
14-054,"Blackcurrants, stewed with sugar",FA,58.0,0.7,15.0,0.0,2.8,15.0,2.0
14-055,"Blackcurrants, stewed without sugar",FA,24.0,0.8,5.6,0.0,,5.6,2.0
12-557,"Blancmange, homemade",BR,96.0,3.3,18.1,1.6,,11.7,41.0
16-170,"Bloater, flesh only, grilled",JC,251.0,23.5,0.0,17.4,,0.0,700.0
16-171,"Bloater, flesh only, grilled, weighed with bones and skin",JC,163.0,15.3,0.0,11.3,,0.0,450.0
14-325,Blueberries,FA,40.0,0.9,9.1,0.2,1.5,9.1,2.0
16-004,"Boal, raw",JA,86.0,15.4,0.0,2.7,,0.0,
19-476,"Bolognese sauce (with meat), homemade",MR,161.0,11.8,2.8,11.6,0.7,2.6,180.0
19-475,"Bolognese sauce (with meat), made with extra lean minced beef, homemade",MR,108.0,13.0,2.8,4.9,0.6,2.6,186.0
16-005,Bombay duck,JA,283.0,61.7,0.0,4.0,,0.0,
17-764,Bombay mix,SN,503.0,18.8,35.1,32.9,8.8,2.3,640.0
17-770,"Bouillabaisse, homemade",WAA,139.0,11.3,2.0,10.5,,1.7,54.0
17-766,Bounty bar and own brand equivalents,SEA,480.0,3.7,61.0,26.3,3.2,50.4,180.0
18-392,"Brain, lamb, boiled",MG,126.0,11.6,0.0,8.8,,0.0,210.0
11-906,"Bran, wheat",AA,186.0,14.8,20.6,5.5,41.3,2.3,3.0
11-1036,"Brandy snaps, homemade",AM,489.0,2.8,72.1,22.5,1.2,50.1,272.0
19-115,Brawn,MI,153.0,12.4,0.0,11.5,,0.0,750.0
14-871,"Brazil nuts, kernel only",GA,683.0,14.3,3.1,68.2,,2.4,3.0
14-884,"Brazil nuts, kernel only, weighed with shells",GA,314.0,6.5,1.4,31.4,,1.1,1.0
11-1038,"Bread pudding, homemade",AS,289.0,5.9,48.0,7.7,,33.3,238.0
11-1144,"Bread rolls, brown, crusty",AF,255.0,10.3,50.4,2.8,,1.9,380.0
11-983,"Bread rolls, brown, soft",AG,236.0,9.9,44.8,3.2,4.3,2.8,380.0
11-984,"Bread rolls, malted wheat",AG,238.0,10.0,42.7,4.2,4.4,3.0,370.0
11-985,"Bread rolls, white, crusty",AG,262.0,9.2,54.9,2.2,2.9,2.7,400.0
11-1006,"Bread rolls, white, soft",AF,254.0,9.3,51.5,2.6,2.6,2.6,400.0
11-986,"Bread rolls, wholemeal",AG,244.0,10.4,46.1,3.3,5.5,2.6,380.0
17-664,"Bread sauce, made with semi-skimmed milk, HOMEMADE",WCD,97.0,4.0,15.6,2.5,,5.4,93.0
17-771,"Bread sauce, made with skimmed milk, homemade",WCD,88.0,4.2,15.5,1.4,0.5,5.1,142.0
17-772,"Bread sauce, made with whole milk, homemade",WCD,108.0,4.1,15.4,3.7,0.5,5.0,141.0
11-971,"Bread, brown, average",AF,207.0,7.9,42.1,2.0,5.0,3.4,400.0
11-1136,"Bread, brown, toasted",AF,266.0,10.1,54.0,2.6,6.4,4.4,513.0
11-969,"Bread, ciabatta",AF,271.0,10.2,52.0,3.9,3.3,3.1,350.0
11-937,"Bread, garlic and herb, retail",AF,348.0,7.0,45.1,16.7,2.7,2.9,476.0
11-462,"Bread, malt, fruited",AF,295.0,7.8,64.9,2.3,3.5,22.6,246.0
11-972,"Bread, malted wheat",AF,237.0,9.6,47.4,2.3,5.3,2.9,400.0
11-910,"Bread, naan, peshwari naan, takeaway and retail",AF,251.0,7.6,39.8,7.9,5.6,1.6,390.0
11-973,"Bread, naan, retail",AF,285.0,7.8,50.2,7.3,2.9,3.1,360.0
11-974,"Bread, pitta, white",AF,255.0,9.1,55.1,1.3,2.3,3.0,400.0
11-947,"Bread, seeded",AF,270.0,9.9,43.8,7.4,6.2,3.8,360.0
11-1117,"Bread, soda, made with white flour, homemade",AF,261.0,7.6,57.3,1.6,2.7,2.3,150.0
11-975,"Bread, wheatgerm",AF,220.0,11.1,39.5,3.1,5.7,3.8,390.0
11-1145,"Bread, white, average",AF,236.0,8.7,48.7,2.1,2.9,3.0,400.0
11-923,"Bread, white, crusty bloomer, unsliced, fresh, large",AF,247.0,9.2,52.3,1.6,2.8,2.8,400.0
11-976,"Bread, white, Danish style",AF,228.0,9.1,44.5,2.7,3.1,3.0,400.0
11-977,"Bread, white, farmhouse or split tin",AF,241.0,9.0,49.9,2.0,2.9,2.9,400.0
11-978,"Bread, white, French stick",AF,263.0,9.0,56.1,1.9,3.3,2.8,400.0
11-979,"Bread, white, premium",AF,230.0,8.3,47.0,2.3,2.8,2.7,400.0
11-980,"Bread, white, sliced",AF,219.0,7.9,46.1,1.6,2.5,3.4,400.0
11-1137,"Bread, white, sliced, fried in rapeseed oil",AF,498.0,8.1,46.8,32.2,2.5,3.5,406.0
11-1001,"Bread, white, toasted",AF,267.0,9.7,56.2,2.0,3.0,4.1,490.0
11-1003,"Bread, white, 'with added fibre'",AF,224.0,8.7,45.1,2.2,4.8,3.5,370.0
11-1004,"Bread, white, 'with added fibre', toasted",AF,266.0,10.4,53.7,2.6,5.7,4.2,440.0
11-981,"Bread, wholemeal, average",AF,217.0,9.4,42.0,2.5,7.0,2.8,400.0
11-982,"Bread, wholemeal, toasted",AF,255.0,11.2,49.2,2.9,8.2,3.2,470.0
13-168,"Breadfruit, boiled in unsalted water",DG,119.0,1.6,29.0,0.4,,1.5,1.0
13-167,"Breadfruit, raw",DG,95.0,1.3,23.1,0.3,,1.2,1.0
14-895,"Breadnut seeds, dried",G,367.0,8.6,73.8,1.7,14.9,,53.0
11-826,"Breadsticks, plain",AM,389.0,10.9,72.9,8.1,3.7,3.3,817.0
11-763,"Breakfast cereal, bran flakes, fortified",AI,333.0,9.6,73.3,2.2,13.4,21.0,360.0
11-767,"Breakfast cereal, bran type cereal, fortified",AI,267.0,12.4,49.7,3.4,24.6,20.0,360.0
11-746,"Breakfast cereal, cornflakes, crunchy / honey nut coated, fortified",AI,384.0,5.3,86.6,4.2,3.8,37.4,350.0
11-742,"Breakfast cereal, cornflakes, fortified",AI,376.0,7.1,90.9,0.8,2.6,7.3,450.0
11-749,"Breakfast cereal, cornflakes, frosted, fortified",AI,350.0,4.7,87.0,0.5,2.0,38.3,300.0
11-745,"Breakfast cereal, cornflakes, unfortified",AI,378.0,7.1,91.4,0.8,2.6,3.0,410.0
11-938,"Breakfast cereal, crunchy clusters type, without nuts, unfortified",AI,399.0,7.2,71.0,11.6,7.2,25.3,41.0
11-939,"Breakfast cereal, crunchy/crispy muesli type cereal, with nuts, unfortified",AI,450.0,8.4,61.9,20.5,7.9,23.1,138.0
11-779,"Breakfast cereal, fruit and fibre type, fortified",AI,348.0,8.0,70.3,5.8,8.6,26.2,350.0
11-755,"Breakfast cereal, honey loops and hoops, including Honey and Nut Cheerios, fortified",AI,349.0,6.6,78.7,3.1,4.3,34.7,280.0
11-792,"Breakfast cereal, instant hot oat, plain, raw, fortified",AI,352.0,11.0,64.6,7.3,8.5,0.5,5.0
11-760,"Breakfast cereal, malted flake, fortified",AI,373.0,11.8,83.4,1.4,3.0,17.2,380.0
11-761,"Breakfast cereal, malted wheat, fortified",AI,339.0,8.7,75.7,2.3,8.6,20.3,250.0
11-1019,"Breakfast cereal, multigrain hoops, fortified",AI,368.0,7.9,80.7,3.8,5.7,22.4,330.0
11-795,"Breakfast cereal, Oat, instant, flavoured, unfortified, made up with semi-skimmed milk",AI,98.0,4.4,15.6,2.4,1.0,7.8,70.0
11-793,"Breakfast cereal, oat, instant, plain, fortified, cooked, made up with semi-skimmed milk",AI,95.0,4.9,14.2,2.5,2.0,4.2,40.0
11-757,"Breakfast cereal, puffed wheat, honey coated, fortified",AI,355.0,4.7,86.8,1.2,3.1,36.8,20.0
11-756,"Breakfast cereal, puffed wheat, unfortified",AI,341.0,13.2,72.0,2.0,7.8,0.2,2.0
11-753,"Breakfast cereal, rice, chocolate flavoured, fortified",AI,375.0,4.6,89.6,2.3,2.0,37.7,320.0
11-750,"Breakfast cereal, rice, toasted/crisp, fortified",AI,374.0,5.7,91.2,1.0,0.7,12.4,370.0
11-754,"Breakfast cereal, Ricicles, Kellogg's",AI,377.0,3.8,95.4,0.4,0.3,39.1,460.0
11-777,"Breakfast cereal, shredded wheat type with fruit, unfortified",AI,326.0,8.4,74.0,1.7,8.8,18.7,21.0
11-775,"Breakfast cereal, shredded wheat type, unfortified",AI,333.0,10.9,71.2,2.5,12.2,0.6,4.0
11-778,"Breakfast cereal, Shredded Wheat, honey nut, Nestle",AI,361.0,9.8,72.8,5.4,9.2,19.6,7.0
11-762,"Breakfast cereal, wheat and multigrain, chocolate flavoured, fortified",AI,375.0,6.5,83.2,4.1,6.3,30.5,180.0
11-773,"Breakfast cereal, wheat biscuits, Weetabix type, fortified",AI,332.0,10.5,72.7,1.9,9.7,3.9,260.0
11-774,"Breakfast cereal, wheat biscuits, Weetabix type, unfortified",AI,332.0,10.5,72.7,1.9,9.7,3.9,278.0
16-006,"Bream, Sea, raw",JA,96.0,17.5,0.0,2.9,,0.0,110.0
15-700,"Broccoli in cheese sauce, made with semi-skimmed milk, homemade",DR,118.0,7.3,5.9,7.5,2.7,3.0,130.0
15-701,"Broccoli in cheese sauce, made with skimmed milk, homemade",DR,114.0,7.3,5.9,6.9,2.5,3.0,130.0
15-702,"Broccoli in cheese sauce, made with whole milk, homemade",DR,124.0,7.3,5.8,8.2,2.5,2.9,129.0
13-583,"Broccoli, green, boiled in salted water",DG,28.0,3.3,2.8,0.5,2.8,1.6,150.0
13-503,"Broccoli, green, boiled in unsalted water",DG,28.0,3.3,2.8,0.5,2.8,1.6,6.0
13-502,"Broccoli, green, raw",DG,34.0,4.3,3.2,0.6,4.0,1.9,9.0
13-504,"Broccoli, green, steamed",DG,34.0,4.1,3.5,0.5,3.8,2.0,7.0
13-176,"Broccoli, purple sprouting, boiled in unsalted water",DG,19.0,2.1,1.3,0.6,,0.9,6.0
13-174,"Broccoli, purple sprouting, raw",DG,35.0,3.9,2.6,1.1,,2.1,10.0
17-706,Brown fruity sauce,WCN,98.0,1.2,22.2,0.1,,19.6,510.0
17-678,"Brown sauce, reduced salt/sugar",WCN,88.0,0.7,20.0,0.1,,14.1,390.0
11-1127,"Brownies, chocolate, homemade",AN,506.0,6.2,54.3,30.8,,46.1,187.0
13-630,"Brussels sprouts, boiled in unsalted water",DG,32.0,3.1,4.2,0.4,3.2,3.7,5.0
13-177,"Brussels sprouts, raw",DG,42.0,3.5,4.1,1.4,,3.1,6.0
15-704,"Bubble and squeak, fried in rapeseed oil, homemade",DR,126.0,1.7,10.1,9.0,1.9,1.6,3.0
15-703,"Bubble and squeak, fried in sunflower oil, homemade",DR,128.0,1.7,10.2,9.1,1.9,1.6,3.0
11-006,"Buckwheat, groats",AA,364.0,8.1,84.9,1.5,,0.4,1.0
17-823,"Build up, powder, shake, assorted flavours",PAA,325.0,20.5,63.0,0.7,8.2,62.0,250.0
17-728,"Build-up powder, soup, assorted flavours",PAA,407.0,14.4,57.3,14.9,6.5,14.3,980.0
19-651,"Burger, beef, 62-85% beef, raw",MBG,219.0,15.9,4.9,15.2,0.7,2.7,330.0
19-546,"Burger, beef, 62-85%, beef, grilled",MBG,229.0,18.3,8.5,13.8,0.6,2.1,440.0
19-490,"Burger, beef, 98-99% beef, fried in vegetable oil",MBG,329.0,28.5,0.1,23.9,0.7,0.1,470.0
19-491,"Burger, beef, 98-99% beef, grilled",MBG,326.0,26.5,0.1,24.4,0.7,0.1,400.0
19-492,"Burger, beef, 98-99% beef, raw",MBG,291.0,17.1,0.1,24.7,0.5,0.1,290.0
19-553,"Burger, beef, fried in rapeseed oil, homemade",MR,297.0,23.9,1.1,21.9,0.3,0.8,109.0
19-555,"Burger, beef, grilled, homemade",MR,288.0,25.0,1.1,20.3,0.3,0.9,114.0
19-554,"Burger, beef, with bun, fried in rapeseed oil, homemade",MR,291.0,21.0,10.3,18.6,0.2,1.1,194.0
19-556,"Burger, beef, with bun, grilled, homemade",MR,283.0,21.9,10.3,17.4,,1.1,198.0
19-493,"Burger, Big Mac, takeaway",MBG,232.0,13.1,20.9,11.2,1.9,3.9,390.0
19-545,"Burger, cheeseburger, takeaway",MBG,254.0,13.6,28.3,10.4,1.4,5.7,560.0
19-315,"Burger, chicken, takeaway",MBG,235.0,12.5,23.4,10.8,1.3,,560.0
18-502,"Burger, chicken/turkey, coated, retail, grilled",MCA,266.0,14.2,18.7,15.5,0.8,0.9,383.0
19-544,"Burger, hamburger, takeaway",MBG,246.0,13.5,31.2,8.3,1.8,6.6,480.0
19-487,"Burger, Quarter Pounder with cheese, takeaway",MBG,263.0,16.3,21.2,13.2,1.6,5.5,463.0
19-514,"Burger, Whopper, takeaway",MBG,223.0,10.4,19.2,12.1,1.2,4.2,357.0
17-685,"Butter, salted",OA,744.0,0.6,0.6,82.2,0.0,0.6,730.0
17-655,"Butter, spreadable (75-80% fat)",OA,715.0,0.4,0.5,79.1,0.0,0.5,484.0
17-656,"Butter, spreadable, light (60% fat)",OA,547.0,0.5,0.8,60.2,0.0,0.8,467.0
17-661,"Butter, unsalted",OA,744.0,0.6,0.6,82.2,0.0,0.6,8.0
17-001,"Butteroil, unsalted",OB,896.0,0.6,0.0,99.3,,0,15.0
19-631,"Cabbage leaves, stuffed with lamb and rice, homemade",MR,100.0,7.1,8.3,4.2,1.5,1.6,153.0
13-581,"Cabbage, average, boiled in unsalted water",DG,17.0,1.1,2.8,0.2,2.2,2.8,5.0
13-582,"Cabbage, average, raw",DG,26.0,1.8,4.4,0.2,3.5,4.4,7.0
13-187,"Cabbage, Chinese, raw",DG,12.0,1.0,1.4,0.2,,1.4,7.0
13-511,"Cabbage, green, boiled in unsalted water",DG,17.0,1.5,2.3,0.2,2.2,2.3,5.0
13-510,"Cabbage, green, raw",DG,27.0,2.4,4.1,0.2,4.1,4.1,7.0
13-540,"Cabbage, red, boiled in unsalted water",DG,15.0,0.8,2.3,0.3,2.3,2.0,6.0
15-705,"Cabbage, red, cooked with apple",DR,57.0,0.9,7.9,2.6,0.1,7.5,30.0
13-190,"Cabbage, red, raw",DG,21.0,1.1,3.7,0.3,2.9,3.3,8.0
13-584,"Cabbage, white, boiled in unsalted water",DG,16.0,0.8,3.2,0.1,2.1,3.2,5.0
13-509,"Cabbage, white, raw",DG,24.0,1.2,4.8,0.1,3.0,4.8,7.0
11-740,"Cake bars, chocolate",AN,430.0,5.0,57.5,21.6,1.9,41.5,235.0
11-916,Cake rusks,AM,452.0,8.7,55.7,23.1,1.6,24.6,359.0
11-835,"Cake, battenberg, retail",AN,354.0,4.4,65.9,9.9,1.5,56.8,137.0
11-836,"Cake, carrot, iced, retail",AN,374.0,4.2,46.8,20.2,1.9,34.5,220.0
11-1041,"Cake, carrot, with topping, homemade",AN,346.0,4.0,37.7,21.1,1.5,23.7,214.0
11-1044,"Cake, cherry, homemade",AN,398.0,5.0,66.5,14.4,,40.0,227.0
11-527,"Cake, chocolate fudge",AN,358.0,5.2,55.7,14.3,1.9,43.5,265.0
11-1046,"Cake, chocolate, not filled, homemade",AN,438.0,7.3,51.3,24.1,,28.5,351.0
11-1047,"Cake, chocolate, with butter icing, homemade",AN,452.0,5.8,53.8,25.2,,35.7,334.0
11-830,"Cake, chocolate, with filling and icing, retail",AN,413.0,4.5,48.6,23.7,2.9,36.6,259.0
11-1053,"Cake, coconut, homemade",AN,423.0,6.7,52.6,22.1,,21.3,388.0
11-829,"Cake, fruit, retail",AN,334.0,4.5,55.2,12.1,3.0,39.6,193.0
11-1005,"Cake, fruit, rich, homemade",AN,349.0,4.0,61.5,11.1,,49.6,133.0
11-991,"Cake, fruit, rich, iced, homemade",AN,355.0,3.7,67.0,9.6,,58.9,98.0
11-1072,"Cake, fruit, wholemeal, homemade",AN,366.0,5.8,52.4,14.1,,29.2,240.0
11-1090,"Cake, lardy, homemade",AN,369.0,6.7,53.7,15.7,2.3,10.0,18.0
11-833,"Cake, loaf, retail",AN,323.0,3.3,56.2,11.0,1.4,33.5,366.0
11-957,"Cake, sponge, fatless, homemade",AN,292.0,9.9,53.9,5.6,1.2,30.6,91.0
11-956,"Cake, sponge, homemade",AN,463.0,6.4,53.1,26.4,1.1,30.3,430.0
11-832,"Cake, sponge, soft iced, retail",AN,368.0,4.8,55.0,15.8,1.3,39.0,251.0
11-1118,"Cake, sponge, with butter icing, homemade",AN,476.0,4.5,56.2,27.3,0.8,40.0,382.0
11-532,"Cake, sponge, with dairy cream and jam, frozen",AN,280.0,4.3,43.9,10.9,2.7,24.3,218.0
11-831,"Cake, sponge, with jam and butter cream, retail",AN,354.0,3.7,55.1,14.8,1.2,37.6,220.0
11-1125,"Cake, Swiss roll, homemade",AN,286.0,7.4,58.4,4.2,0.8,42.2,75.0
11-834,"Cake, Swiss rolls, chocolate covered and filled, retail",AN,414.0,4.5,51.0,22.7,3.1,41.2,259.0
11-840,Cakes from 'healthy eating' ranges,AN,257.0,3.3,58.8,2.5,2.6,47.4,70.0
11-990,"Cakes, crispie, homemade",AN,460.0,5.5,73.7,18.0,,43.0,169.0
11-839,"Cakes, fancy iced, individual, retail",AN,381.0,3.3,57.6,16.8,1.1,44.1,275.0
16-404,"Calamari, coated in batter, baked",JM,288.0,8.5,25.9,17.5,1.9,0,1182.0
15-706,"Callaloo and cho cho, homemade",DR,77.0,1.9,2.6,6.6,,2.2,119.0
15-707,"Callaloo and okra, homemade",DR,73.0,1.8,2.2,6.4,,1.9,98.0
15-708,"Cannelloni, spinach, homemade",DR,140.0,5.2,15.4,6.9,,2.0,74.0
15-709,"Cannelloni, vegetable, homemade",DR,155.0,4.9,15.5,8.5,,2.4,65.0
17-649,"Caramel bars and sweets, chocolate covered",SEA,493.0,4.2,70.2,23.6,0.7,56.0,160.0
19-558,"Carbonnade of Beef, homemade",MR,134.0,12.7,5.2,6.5,0.8,2.7,230.0
16-172,"Carp, raw",JA,112.0,17.5,0.0,4.7,,0.0,43.0
13-607,Carrot juice,DG,24.0,0.5,5.7,0.1,0.6,5.7,51.0
13-497,"Carrots, old, boiled in unsalted water",DG,29.0,0.5,6.0,0.5,2.8,5.5,29.0
13-498,"Carrots, old, microwaved",DG,32.0,0.6,7.5,0.2,2.8,7.2,44.0
13-496,"Carrots, old, raw",DG,34.0,0.5,7.7,0.4,3.9,7.2,27.0
13-449,"Carrots, young, boiled in unsalted water",DG,22.0,0.6,4.4,0.4,,4.2,23.0
13-565,"Carrots, young, canned in water, re-heated, drained",DG,20.0,0.5,4.2,0.3,2.6,3.7,0
13-448,"Carrots, young, raw",DG,30.0,0.7,6.0,0.5,,5.6,40.0
14-060,"Cashew fruit, flesh only",FA,33.0,0.9,6.8,0.4,,6.8,7.0
14-811,"Cashew nuts, kernel only, plain",GA,573.0,17.7,18.1,48.2,,4.6,15.0
14-812,"Cashew nuts, kernel only, roasted and salted",GA,611.0,20.5,18.8,50.9,4.3,5.6,290.0
13-209,"Cassava, baked",DG,155.0,0.7,40.1,0.2,,1.6,5.0
13-210,"Cassava, boiled in unsalted water",DG,130.0,0.5,33.5,0.2,,1.4,4.0
13-212,"Cassava, frozen, raw",DG,140.0,0.6,36.3,0.2,,1.0,9.0
13-208,"Cassava, raw",DG,142.0,0.6,36.8,0.2,,1.5,5.0
13-211,"Cassava, steamed",DG,142.0,0.6,36.8,0.2,,1.5,4.0
15-712,"Casserole, bean and mixed vegetable, homemade",DR,42.0,2.7,6.6,0.7,,3.4,58.0
15-713,"Casserole, bean and root vegetable, homemade",DR,48.0,3.0,8.4,0.6,,3.2,34.0
19-470,"Casserole, beef, made with cook-in sauce",MR,137.0,15.0,4.8,6.6,0.7,2.7,302.0
19-612,"Casserole, pork and apple, homemade",MR,100.0,11.0,7.5,2.9,0.5,4.3,176.0
19-536,"Casserole, pork, made with cook-in sauce",MR,154.0,17.0,4.0,7.9,0.7,2.3,183.0
19-623,"Casserole, rabbit, homemade",MR,97.0,11.4,2.2,4.8,0.6,1.1,390.0
19-484,"Casserole, sausage, homemade",MR,165.0,11.9,5.2,10.9,1.6,2.0,443.0
15-714,"Casserole, sweet potato and green banana, homemade",DR,181.0,1.2,31.2,6.5,,24.6,79.0
15-638,"Casserole, vegetable, homemade",DR,52.0,2.1,10.6,0.4,2.4,5.1,36.0
16-008,"Catfish, flesh only, steamed",JA,119.0,21.4,0.0,3.7,,0.0,110.0
16-009,"Catfish, flesh only, steamed, weighed with bones",JA,101.0,18.2,0.0,3.1,,0.0,92.0
16-007,"Catfish, raw",JA,96.0,17.6,0.0,2.8,,0.0,95.0
15-639,"Cauliflower cheese, made with semi-skimmed milk, homemade",DR,97.0,5.3,6.2,5.9,1.3,3.2,104.0
15-710,"Cauliflower cheese, made with skimmed milk, homemade",DR,94.0,5.3,6.2,5.6,1.3,3.2,105.0
15-711,"Cauliflower cheese, made with whole milk, homemade",DR,102.0,5.3,6.1,6.4,1.3,3.1,104.0
15-637,"Cauliflower cheese, retail",DR,88.0,4.2,5.0,5.8,1.6,1.9,200.0
15-715,"Cauliflower in white sauce, made with semi-skimmed milk, homemade",DR,63.0,2.7,6.0,3.2,1.4,3.3,38.0
15-716,"Cauliflower in white sauce, made with skimmed milk, homemade",DR,58.0,2.8,6.0,2.8,1.4,3.3,38.0
15-717,"Cauliflower in white sauce, made with whole milk, homemade",DR,72.0,2.7,6.2,4.2,1.4,3.2,39.0
15-718,"Cauliflower with onions and chilli pepper, homemade",DR,55.0,1.8,4.6,3.4,2.0,3.3,7.0
13-513,"Cauliflower, boiled in unsalted water",DG,29.0,1.9,3.5,0.9,1.9,2.4,7.0
13-512,"Cauliflower, raw",DG,30.0,2.5,4.4,0.4,1.8,2.9,7.0
16-272,"Caviare, bottled in brine, drained",JR,92.0,10.9,0.0,5.4,,0.0,2120.0
13-585,"Celeriac, boiled in unsalted water",DG,15.0,0.9,1.9,0.5,,1.5,79.0
13-219,"Celeriac, raw",DG,18.0,1.2,2.3,0.4,,1.8,91.0
13-637,"Celery, boiled in unsalted water",DG,5.1,0.3,0.8,0.1,0.8,0.8,43.0
13-636,"Celery, raw",DG,9.0,0.5,1.4,0.1,1.5,1.4,77.0
11-819,"Cereal bars, with fruit and/or nuts, no chocolate, unfortified",AM,354.0,5.6,62.9,10.7,6.2,34.3,65.0
11-818,"Cereal bars, with fruit and/or nuts, with chocolate, unfortified",AM,436.0,6.0,66.0,18.3,5.1,40.7,221.0
11-987,"Chapatis, made with fat, retail",AF,328.0,8.1,48.3,12.8,,1.8,300.0
11-459,"Chapatis, made without fat",AF,202.0,7.3,43.7,1.0,,1.6,120.0
13-224,"Chard, Swiss, boiled in unsalted water",DG,20.0,1.9,3.2,0.1,,0.4,180.0
13-223,"Chard, Swiss, raw",DG,19.0,1.8,2.9,0.2,,0.6,210.0
11-997,"Cheese and onion rolls, pastry, retail",AT,327.0,8.2,30.4,20.0,2.9,3.0,310.0
12-561,"Cheese pudding, homemade",BV,170.0,10.6,11.7,9.3,,3.1,272.0
17-665,"Cheese sauce, made with semi-skimmed milk, homemade",WCD,182.0,8.2,9.0,12.8,0.7,4.2,213.0
17-773,"Cheese sauce, made with skimmed milk, homemade",WCD,172.0,8.2,9.1,11.6,0.2,4.3,215.0
17-775,"Cheese sauce, made with whole milk, homemade",WCD,197.0,8.2,8.9,14.6,0.2,4.1,212.0
17-666,"Cheese sauce, packet mix, made up with semi-skimmed milk, homemade",WCD,106.0,5.8,9.7,5.2,0.2,5.3,382.0
17-780,"Cheese sauce, packet mix, made up with skimmed milk, homemade",WCD,79.0,5.6,9.2,2.4,,5.3,452.0
17-781,"Cheese sauce, packet mix, made up with whole milk, homemade",WCD,108.0,5.5,9.0,5.7,,5.1,450.0
12-540,"Cheese spread, plain",BL,237.0,11.3,6.5,18.6,0.0,6.5,730.0
12-537,"Cheese spread, plain, reduced fat",BL,154.0,15.0,7.9,7.2,0.0,7.3,750.0
11-824,"Cheese straws/twists, retail",AM,510.0,14.1,48.3,30.3,2.5,1.6,974.0
12-344,"Cheese, Brie, with outer rind removed",BL,343.0,20.3,0.0,29.1,0.0,0,556.0
12-132,"Cheese, Caerphilly",BL,375.0,23.2,0.1,31.3,,0.1,480.0
12-345,"Cheese, Camembert",BL,290.0,21.5,0.0,22.7,0.0,0,605.0
12-548,"Cheese, Cheddar type, '30% less fat'",BL,314.0,27.9,0.8,22.1,0.0,0.1,720.0
12-348,"Cheese, Cheddar type, half fat",BL,273.0,32.7,0.0,15.8,0.0,0,670.0
12-346,"Cheese, Cheddar, English",BL,416.0,25.4,0.1,34.9,0.0,0.1,723.0
12-539,"Cheese, cottage, plain",BL,103.0,9.4,3.1,6.0,0.0,3.1,250.0
12-550,"Cheese, cottage, plain, reduced fat",BL,68.0,10.6,3.3,1.5,0.0,3.3,210.0
12-354,"Cheese, Danish blue",BL,342.0,20.5,0.0,28.9,0.0,0,1220.0
12-152,"Cheese, Derby",BL,402.0,24.2,0.1,33.9,,0.1,580.0
12-494,"Cheese, Dolcelatte, rind removed",BL,394.0,18.0,0.0,35.8,0.0,0,903.0
12-487,"Cheese, Double Gloucester",BL,413.0,24.4,0.1,35.0,0.0,0.1,673.0
12-355,"Cheese, Edam",BL,341.0,26.7,0.0,26.0,0.0,0,996.0
12-493,"Cheese, Emmental",BL,399.0,30.2,0.0,30.9,0.0,0,187.0
12-525,"Cheese, Feta",BL,250.0,15.6,1.5,20.2,0.0,1.5,1000.0
12-357,"Cheese, goats milk, full fat, soft, white rind",BL,320.0,21.1,1.0,25.8,0.0,1.0,601.0
12-358,"Cheese, Gouda",BL,377.0,25.3,0.0,30.6,0.0,0,925.0
12-164,"Cheese, Gruyere",BL,409.0,27.2,0.0,33.3,,0,670.0
12-496,"Cheese, Halloumi",BL,313.0,23.9,1.7,23.5,0.0,1.7,1200.0
12-604,"Cheese, hard, average",BL,411.0,24.9,0.1,34.5,0.0,0.1,687.0
12-488,"Cheese, Lancashire",BL,382.0,24.1,0.1,31.7,0.0,0.1,575.0
12-490,"Cheese, Mascarpone",BL,435.0,4.6,4.3,44.5,0.0,4.3,70.0
12-360,"Cheese, Mozzarella, fresh",BL,257.0,18.6,0.0,20.3,0.0,0,395.0
12-495,"Cheese, Paneer",BL,328.0,26.0,0.9,24.5,0.0,0.9,19.0
12-526,"Cheese, Parmesan, fresh",BL,415.0,36.2,0.9,29.7,0.0,0.9,660.0
12-492,"Cheese, Port Salut, St Paulin type",BL,333.0,25.5,0.0,25.7,0.0,0,699.0
12-527,"Cheese, processed, plain",BL,297.0,17.8,5.0,23.0,0.0,5.0,1000.0
12-549,"Cheese, processed, slices, reduced fat",BL,190.0,16.7,9.7,9.6,0.0,7.6,810.0
12-173,"Cheese, processed, smoked",BL,303.0,20.5,0.2,24.5,,0.2,1270.0
12-174,"Cheese, Quark",BL,74.0,14.6,4.0,0.0,,4.0,45.0
12-485,"Cheese, Red Leicester",BL,403.0,25.0,0.1,33.6,0.0,0.1,665.0
12-175,"Cheese, Red Windsor",BL,401.0,24.4,0.0,33.7,,0,690.0
12-176,"Cheese, Ricotta",BL,144.0,9.4,2.0,11.0,,2.0,100.0
12-177,"Cheese, Roquefort",BL,375.0,19.7,0.0,32.9,,0,1670.0
12-178,"Cheese, Sage Derby",BL,402.0,24.2,0.1,33.9,,0.1,600.0
12-551,"Cheese, spreadable, full fat, soft, white",BL,252.0,5.3,3.0,24.4,0.0,3.0,260.0
12-538,"Cheese, spreadable, medium fat, soft, white",BL,153.0,9.8,3.5,11.2,0.0,3.5,270.0
12-541,"Cheese, spreadable, soft white, low fat",BL,99.0,11.9,5.0,3.6,0.0,5.0,260.0
12-367,"Cheese, Stilton, blue",BL,410.0,23.7,0.1,35.0,0.0,0.1,788.0
12-181,"Cheese, Stilton, white",BL,362.0,19.9,0.1,31.3,,0.1,770.0
12-489,"Cheese, Wensleydale",BL,381.0,23.7,0.1,31.8,0.0,0.1,440.0
12-486,"Cheese, White Cheshire",BL,380.0,23.4,0.1,31.8,0.0,0.1,492.0
12-368,"Cheese, white, average",BL,381.0,23.7,0.1,31.8,0.0,0.1,502.0
12-395,"Cheesecake, fruit, frozen",BR,294.0,4.0,35.2,16.2,1.0,25.0,146.0
12-542,"Cheesecake, fruit, individual",BR,264.0,6.1,34.5,12.3,1.6,25.4,90.0
12-562,"Cheesecake, homemade",BR,325.0,6.2,25.4,22.8,0.6,15.5,266.0
11-1043,"Chelsea buns, homemade",AP,361.0,7.8,57.8,12.5,1.6,21.0,139.0
14-382,"Cherries, flesh and skin, raw",FA,63.15,1.2,14.6,0.4,1.9,14.6,0
14-383,"Cherries, flesh and skin, raw, weighed with stones",FA,58.0,1.1,13.4,0.4,1.7,13.4,0
14-335,"Cherries, glace",FA,294.0,0.4,78.1,0.0,,,27.0
14-063,"Cherries, stewed with sugar",FA,82.0,0.7,21.0,0.1,,21.0,0
14-064,"Cherries, stewed with sugar, weighed with stones",FA,71.0,0.6,18.1,0.1,,18.1,0
14-065,"Cherries, stewed without sugar",FA,42.0,0.8,10.1,0.1,,10.1,0
14-066,"Cherries, stewed without sugar, weighed with stones",FA,36.0,0.6,8.6,0.1,,8.6,0
14-069,"Cherries, West Indian, flesh only",FA,24.0,0.4,5.0,0.4,,5.0,5.0
13-811,"Chervil, dried",H,237.0,23.2,37.8,3.9,,,83.0
14-815,"Chestnuts, dried",GA,319.0,3.7,69.0,5.1,,13.2,21.0
14-813,"Chestnuts, kernel only, raw",GA,170.0,2.0,36.6,2.7,,7.0,11.0
14-814,"Chestnuts, kernel only, raw, weighed with shells",GA,140.0,1.6,30.4,2.2,,5.8,9.0
17-782,"Chevda/chevra/chewra, homemade",SNC,487.0,18.6,35.5,31.8,,,114.0
18-504,"Chicken breast/steak, coated, baked",MCA,234.0,17.7,15.8,11.6,0.8,1.1,466.0
19-560,"Chicken chasseur, homemade",MR,78.0,13.5,2.3,1.5,0.2,1.1,133.0
19-663,"Chicken chasseur, homemade, weighed with bone",MR,69.0,12.0,2.0,1.3,0.2,1.0,118.0
19-561,"Chicken fricassee, homemade",MR,115.0,10.0,2.8,6.1,,1.5,263.0
19-562,"Chicken fricassee, reduced fat, homemade",MR,101.0,10.2,3.2,4.2,,2.0,263.0
19-563,"Chicken in white sauce, made with semi-skimmed milk",MR,156.0,17.0,5.0,7.7,0.1,2.3,89.0
19-564,"Chicken in white sauce, made with whole milk",MR,168.0,17.0,5.2,9.0,0.1,2.2,91.0
18-501,"Chicken pieces, coated, takeaway",MCA,267.0,18.5,17.6,14.1,1.3,0,535.0
18-500,"Chicken portions, battered, deep fried, takeaway",MCA,233.0,24.8,4.8,12.8,2.9,0.0,477.0
19-323,"Chicken satay, takeaway",MR,191.0,21.7,3.0,10.3,2.0,1.6,613.0
19-538,Chicken slices,MI,114.0,23.2,2.0,1.5,0.3,0.2,580.0
17-697,"Chicken soup, cream of, canned, condensed, as served",WAC,43.0,1.3,3.0,2.9,0,0.7,250.0
19-541,"Chicken wings, marinated, meat and skin, barbecued",MR,274.0,27.4,4.1,16.6,0.5,3.6,390.0
19-652,"Chicken wings, marinated, meat and skin, barbecued, weighed with bone",MR,179.0,17.8,2.7,10.8,0.3,2.3,250.0
18-308,"Chicken, breast, casseroled, meat and skin",MCA,184.0,26.9,0.0,8.5,,0.0,60.0
18-309,"Chicken, breast, casseroled, meat and skin, weighed with bone",MCA,165.0,24.2,0.0,7.6,,0.0,55.0
18-307,"Chicken, breast, casseroled, meat only",MCA,160.0,28.4,0.0,5.2,0.0,0.0,60.0
18-324,"Chicken, breast, grilled with skin, meat only",MCA,147.0,29.8,0.0,3.1,,0.0,60.0
18-323,"Chicken, breast, grilled without skin, meat only",MCA,148.0,32.0,0.0,2.2,0.0,0.0,55.0
18-325,"Chicken, breast, grilled, meat and skin",MCA,173.0,28.9,0.0,6.4,,0.0,61.0
18-326,"Chicken, breast, strips, stir-fried in corn oil",MCA,161.0,29.7,0.0,4.6,0.0,0.0,61.0
18-299,"Chicken, corn-fed, raw, dark meat only",MCA,143.0,19.5,0.0,7.2,,0.0,80.0
18-300,"Chicken, corn-fed, raw, light meat only",MCA,118.0,23.0,0.0,2.8,,0.0,90.0
18-301,"Chicken, corn-fed, raw, meat only",MCA,129.0,21.4,0.0,4.8,,0.0,85.0
18-302,"Chicken, corn-fed, raw, skin only",MCA,514.0,10.1,0.0,52.7,,0.0,50.0
18-343,"Chicken, corn-fed, roasted, dark meat only",MCA,185.0,24.0,0.0,9.8,,0.0,95.0
18-344,"Chicken, corn-fed, roasted, light meat only",MCA,141.0,25.8,0.0,4.2,,0.0,90.0
18-345,"Chicken, corn-fed, roasted, meat only",MCA,164.0,24.9,0.0,7.2,,0.0,90.0
18-289,"Chicken, dark meat, raw",MCA,109.0,20.9,0.0,2.8,0.0,0.0,90.0
18-329,"Chicken, dark meat, roasted",MCA,196.0,24.4,0.0,10.9,0.0,0.0,100.0
18-311,"Chicken, drumsticks, casseroled, meat and skin",MCA,217.0,22.3,0.0,14.2,0.0,0.0,75.0
18-312,"Chicken, drumsticks, casseroled, meat and skin, weighed with bone",MCA,141.0,14.5,0.0,9.2,,0.0,50.0
18-310,"Chicken, drumsticks, casseroled, meat only",MCA,185.0,24.3,0.0,9.7,,0.0,70.0
18-335,"Chicken, drumsticks, roasted, meat and skin",MCA,185.0,25.8,0.0,9.1,0.0,0.0,130.0
18-336,"Chicken, drumsticks, roasted, meat and skin, weighed with bone",MCA,116.0,16.2,0.0,5.7,,0.0,80.0
18-334,"Chicken, drumsticks, roasted, meat only",MCA,152.0,26.6,0.0,5.1,,0.0,170.0
18-314,"Chicken, leg quarter, casseroled, meat and skin",MCA,217.0,22.9,0.0,13.9,,0.0,70.0
18-315,"Chicken, leg quarter, casseroled, meat and skin, weighed with bone",MCA,137.0,14.4,0.0,8.8,,0.0,45.0
18-313,"Chicken, leg quarter, casseroled, meat only",MCA,176.0,25.0,0.0,8.4,,0.0,75.0
18-293,"Chicken, leg quarter, raw, meat and skin",MCA,193.0,18.3,0.0,13.3,,0.0,80.0
18-294,"Chicken, leg quarter, raw, meat and skin, weighed with bone",MCA,133.0,12.6,0.0,9.2,,0.0,55.0
18-337,"Chicken, leg quarter, roasted, meat and skin",MCA,236.0,20.9,0.0,16.9,,0.0,95.0
18-338,"Chicken, leg quarter, roasted, meat and skin, weighed with bone",MCA,120.0,10.7,0.0,8.6,,0.0,50.0
18-290,"Chicken, light meat, raw",MCA,106.0,24.0,0.0,1.1,0.0,0.0,60.0
18-330,"Chicken, light meat, roasted",MCA,153.0,30.2,0.0,3.6,0.0,0.0,60.0
18-488,"Chicken, meat, average, raw",MCA,108.0,22.3,0.0,2.1,0.0,0.0,77.0
18-331,"Chicken, meat, average, roasted",MCA,177.0,27.3,0.0,7.5,0.0,0.0,80.0
18-327,"Chicken, portions, not coated, deep-fried, meat and skin",MCA,259.0,26.9,0.0,16.8,,0.0,150.0
18-328,"Chicken, portions, not coated, deep-fried, meat and skin, weighed with bone",MCA,179.0,18.6,0.0,11.6,,0.0,110.0
18-316,"Chicken, skin, casseroled",MCA,407.0,13.4,0.0,39.3,,0.0,55.0
18-292,"Chicken, skin, raw",MCA,474.0,9.7,0.0,48.3,,0.0,50.0
18-332,"Chicken, skin, roasted/grilled, dry",MCA,501.0,21.5,0.0,46.1,0.0,0.0,80.0
18-333,"Chicken, skin, roasted/grilled, moist",MCA,452.0,17.0,0.0,42.6,,0.0,80.0
19-569,"Chicken, stir-fried with mushrooms and cashew nuts, homemade",MR,160.0,18.4,4.8,7.0,0.9,2.2,322.0
19-570,"Chicken, stir-fried with peppers in black bean sauce, homemade",MR,124.0,19.0,2.7,4.2,,2.4,366.0
19-521,"Chicken, stir-fried with rice and vegetables, retail, reheated",MR,132.0,6.5,17.1,4.6,,3.9,
18-317,"Chicken, thighs, casseroled, meat and skin",MCA,233.0,21.5,0.0,16.3,,0.0,70.0
18-318,"Chicken, thighs, casseroled, meat and skin, weighed with bone",MCA,193.0,17.8,0.0,13.5,,0.0,60.0
18-319,"Chicken, thighs, casseroled, meat only, diced",MCA,180.0,25.6,0.0,8.6,,0.0,40.0
18-303,"Chicken, whole, corn-fed, raw, meat and skin",MCA,218.0,18.8,0.0,15.9,,0.0,80.0
18-304,"Chicken, whole, corn-fed, raw, meat and skin, weighed with bone",MCA,142.0,12.2,0.0,10.3,,0.0,50.0
18-346,"Chicken, whole, corn-fed, roasted, meat and skin",MCA,215.0,24.0,0.0,13.2,,0.0,90.0
18-347,"Chicken, whole, corn-fed, roasted, meat and skin, weighed with bone",MCA,129.0,14.4,0.0,7.9,,0.0,55.0
18-297,"Chicken, whole, raw, meat and skin",MCA,201.0,19.1,0.0,13.8,,0.0,70.0
18-298,"Chicken, whole, raw, meat and skin, weighed with bone",MCA,131.0,12.4,0.0,9.0,,0.0,45.0
18-341,"Chicken, whole, roasted, meat and skin",MCA,218.0,26.3,0.0,12.5,0.0,0.0,80.0
18-342,"Chicken, whole, roasted, meat and skin, weighed with bone",MCA,138.0,16.6,0.0,7.9,,0.0,50.0
18-321,"Chicken, wing quarter, casseroled, meat and skin",MCA,210.0,24.4,0.0,12.5,,0.0,60.0
18-322,"Chicken, wing quarter, casseroled, meat and skin, weighed with bone",MCA,141.0,16.3,0.0,8.4,,0.0,40.0
18-320,"Chicken, wing quarter, casseroled, meat only",MCA,164.0,26.9,0.0,6.3,,0.0,65.0
18-295,"Chicken, wing quarter, raw, meat and skin",MCA,193.0,20.3,0.0,12.4,,0.0,60.0
18-296,"Chicken, wing quarter, raw, meat and skin, weighed with bone",MCA,127.0,13.4,0.0,8.2,,0.0,40.0
18-339,"Chicken, wing quarter, roasted, meat and skin",MCA,226.0,24.8,0.0,14.1,,0.0,100.0
18-340,"Chicken, wing quarter, roasted, meat and skin, weighed with bone",MCA,120.0,13.1,0.0,7.5,,0.0,55.0
19-469,"Chicken/turkey pasties/slices, puff pastry",MI,289.0,8.1,23.9,18.5,2.9,1.2,360.0
18-503,"Chicken/turkey pieces, coated, baked",MCA,256.0,14.4,19.6,13.9,2.3,1.1,360.0
13-586,"Chicory, pale variety, boiled in unsalted water",DG,7.0,0.6,2.1,0.3,,0.5,1.0
13-225,"Chicory, pale variety, raw",DG,11.0,0.5,2.8,0.6,,0.7,1.0
19-478,"Chilli con carne, homemade",MR,120.0,9.2,4.4,7.5,,2.9,101.0
19-208,"Chilli con carne, retail, reheated",MR,96.0,7.7,7.1,4.3,,2.7,310.0
19-527,"Chilli con carne, retail, reheated, with rice",MR,116.0,5.8,18.1,2.7,,1.6,188.0
17-719,Chilli sauce,WC,40.0,1.3,7.3,0.8,2.2,6.9,1250.0
15-719,"Chilli, bean and lentil, homemade",DR,92.0,5.3,13.2,2.5,,3.5,41.0
15-720,"Chilli, Quorn, homemade",DR,83.0,5.3,6.9,3.6,,3.5,101.0
15-640,"Chilli, vegetable, homemade",DR,49.0,2.5,8.6,0.8,,3.8,127.0
16-011,"Chital, raw",JA,90.0,18.1,0.0,1.9,,0.0,34.0
13-887,"Chives, fresh",H,27.0,3.3,1.9,0.7,2.5,1.9,3.0
15-721,"Cho cho fritters, fried in rapeseed oil, homemade",DR,192.0,4.7,16.6,12.4,0.7,2.9,49.0
13-228,"Cho cho, boiled in unsalted water",DG,14.0,0.5,2.9,0.1,,2.5,4.0
13-227,"Cho cho, raw",DG,17.0,0.7,3.7,0.1,,3.1,5.0
17-658,Chocolate covered bar with caramel and cereal,SEA,501.0,5.2,66.2,25.8,1.9,46.4,161.0
17-657,Chocolate covered caramel and biscuit fingers,SEA,495.0,5.0,70.0,23.6,2.5,45.4,191.0
11-812,Chocolate covered wafer biscuit,AM,509.0,5.5,61.1,28.6,2.7,45.1,90.0
17-687,Chocolate nut spread,SC,549.0,6.2,60.5,33.0,3.0,59.7,50.0
12-518,Chocolate nut sundae,BP,271.0,2.6,33.5,15.0,,29.9,36.0
17-659,Chocolate spread,SC,575.0,3.3,59.4,37.7,2.0,59.4,58.0
17-650,"Chocolate, dark, with crème or mint fondant centres",SEA,431.0,3.7,71.9,16.3,4.7,62.9,6.0
17-690,"Chocolate, fancy and filled",SEA,447.0,4.9,62.9,21.3,,60.0,88.0
17-648,"Chocolate, milk",SEA,519.0,7.3,56.0,31.1,2.3,56.0,89.0
17-491,"Chocolate, plain",SEA,510.0,5.0,63.5,28.0,,62.6,6.0
17-091,"Chocolate, white",SEA,529.0,8.0,58.3,30.9,,58.3,110.0
19-516,Chorizo,MI,395.0,24.0,2.4,32.2,1.0,1.1,1400.0
11-1050,"Choux buns, homemade",AP,395.0,5.3,17.9,34.1,0.8,0.9,122.0
19-519,"Chow mein, beef, retail, reheated",MR,136.0,6.7,14.7,6.0,1.8,2.4,200.0
19-321,"Chow mein, chicken, takeaway",MR,147.0,8.5,12.7,7.2,1.5,0.3,466.0
19-614,"Chow mein, pork and chicken, homemade",MR,72.0,9.2,5.8,1.9,,1.5,362.0
17-784,"Chutney, apple, homemade",WCG,190.0,0.8,49.2,0.2,0.7,48.4,11.0
17-343,"Chutney, mango, sweet",WE,189.0,0.7,48.3,0.1,,45.7,1300.0
17-345,"Chutney, tomato",WCG,128.0,1.2,31.0,0.2,1.4,28.1,410.0
17-785,"Chutney, tomato, homemade",WE,166.0,1.0,40.8,0.2,,40.2,8.0
17-222,"Cider, dry",QC,36.0,0.0,2.6,0.0,0.0,2.6,7.0
17-223,"Cider, low alcohol",QC,17.0,0.0,3.6,0.0,0.0,3.6,3.0
17-822,"Cider, strong",QC,68.0,0.0,7.3,0.0,0.0,7.3,2.0
17-224,"Cider, sweet",QC,42.0,0.0,4.3,0.0,0.0,4.3,7.0
14-326,"Citrus fruit, soft/easy peelers, flesh only",FA,41.0,0.7,9.6,0.2,1.5,9.6,1.0
14-348,"Citrus fruit, soft/easy peelers, flesh only, weighed with peel and pips",FA,32.0,0.5,7.5,0.2,1.2,7.5,1.0
16-252,"Cockles, boiled",JM,53.0,12.0,0.0,0.6,0.0,0,490.0
15-722,"Coco fritters, fried in rapeseed oil, homemade",DR,322.0,4.7,26.1,22.5,,0.9,213.0
17-002,Cocoa butter,OE,896.0,0.0,0.0,99.5,,0.0,0
12-545,Cocoa powder,BH,312.0,18.5,11.5,21.7,,0,
12-563,"Cocoa powder, made up with semi-skimmed milk",BH,58.0,3.7,6.7,2.0,,6.5,41.0
12-564,"Cocoa powder, made up with skimmed milk",BH,46.0,3.7,6.7,0.6,,6.5,42.0
12-565,"Cocoa powder, made up with whole milk",BH,74.0,3.6,6.6,3.9,,6.3,41.0
17-786,"Coconut ice, homemade",SEC,369.0,1.8,67.1,12.3,,67.1,17.0
14-820,Coconut milk,GA,22.0,0.3,4.9,0.3,,4.9,110.0
14-890,"Coconut milk, reduced fat, retail",GA,79.0,0.7,2.0,7.7,0.1,1.1,0
14-889,"Coconut milk, retail",GA,169.0,1.1,3.3,16.9,0.4,2.0,0
14-873,"Coconut, desiccated",GA,604.0,5.6,6.4,62.0,,6.4,28.0
14-816,"Coconut, flesh only, fresh",GA,351.0,3.2,3.7,36.0,,3.7,17.0
16-490,"Cod, dried, salted, boiled",JA,138.0,32.5,0.0,0.9,0.0,0.0,400.0
16-373,"Cod, flesh only, baked",JA,100.0,23.9,0.0,0.5,0.0,0.0,91.0
16-465,"Cod, flesh only, baked, weighed with bones and skin",JA,89.0,21.3,0.0,0.4,0.0,0.0,81.0
16-466,"Cod, flesh only, grilled",JA,106.0,24.6,0.0,0.8,0.0,0.0,128.0
16-374,"Cod, flesh only, microwaved",JA,98.0,23.5,0.0,0.4,0.0,0.0,108.0
16-015,"Cod, flesh only, poached in milk, butter and salt added",JA,94.0,20.9,0.0,1.1,,0,110.0
16-016,"Cod, flesh only, poached in milk, butter and salt added, weighed with bones and skin",JA,81.0,18.2,0.0,1.0,,0,96.0
16-372,"Cod, flesh only, raw",JA,75.0,17.5,0.0,0.6,0.0,0.0,91.0
16-491,"Cod, flesh only, salted and smoked, raw",JA,79.0,18.3,0.0,0.6,0.0,0.0,500.0
16-467,"Cod, flesh only, steamed",JA,98.0,22.8,0.0,0.8,0.0,0.0,127.0
16-468,"Cod, flesh only, steamed, weighed with bones and skin",JA,86.0,19.9,0.0,0.7,0.0,0.0,110.0
16-369,"Cod, in batter, baked",JA,229.0,12.3,19.7,11.8,1.5,2.0,424.0
16-427,"Cod, in batter, fried in dripping, takeaway",JA,240.0,16.8,10.7,14.7,0.5,1.0,175.0
16-426,"Cod, in batter, fried in rapeseed oil",JA,285.0,12.6,19.5,17.9,1.5,1.4,424.0
16-428,"Cod, in batter, fried in sunflower oil, takeaway",J,240.0,16.8,19.5,14.7,0.5,1.0,175.0
16-368,"Cod, in batter, fried, takeaway",JA,240.0,16.8,10.7,14.7,0.5,1.0,175.0
16-370,"Cod, in breadcrumbs, baked",JA,204.0,13.7,19.8,8.3,1.9,0.9,330.0
17-163,"Coffee and chicory essence, with water",PA,9.0,0.1,2.4,0.0,0.0,2.3,3.0
17-632,"Coffee, cappuccino, latte",P,27.0,2.0,3.2,0.8,0.0,2.4,25.0
17-833,"Coffee, infusion, average",PAC,2.0,0.2,0.3,0.0,0.0,0.3,0
17-157,"Coffee, infusion, average, with semi-skimmed milk",PAC,7.0,0.6,0.7,0.2,,0.7,7.0
17-155,"Coffee, infusion, average, with single cream",PAC,14.0,0.4,0.3,1.2,,0.3,3.0
17-156,"Coffee, infusion, average, with whole milk",PAC,7.0,0.5,0.5,0.4,,0.5,6.0
17-153,"Coffee, infusion, strong",PAC,2.0,0.2,0.3,0.0,,0.0,1.0
17-154,"Coffee, infusion, weak",PAC,2.0,0.2,0.3,0.0,,0.0,0
17-159,"Coffee, instant, made up with water",PAC,0.0,0.0,0.0,0.0,,0.0,0
17-161,"Coffee, instant, made up with water and semi-skimmed milk",PAC,7.0,0.6,0.7,0.2,,0.7,8.0
17-160,"Coffee, instant, made up with water and whole milk",PAC,8.0,0.5,0.6,0.4,,0.5,7.0
17-594,"Coffee, Irish",PAC,125.0,0.4,2.7,8.8,,2.5,4.0
17-158,"Coffee, powder, instant",PAA,75.0,14.6,4.5,0.0,0.0,0.0,81.0
12-546,"Coffeemate, whitener powder",BAR,534.0,2.1,57.3,34.5,0.0,9.4,400.0
17-175,Cola,PCA,41.0,0.0,10.9,0.0,0.0,10.9,5.0
17-505,"Cola, diet",PCA,1.0,0.0,0.0,0.0,0.0,0,5.0
13-229,"Cole leaves, dried, boiled in unsalted water",DG,19.0,1.7,1.2,0.8,,0.9,85.0
15-635,"Coleslaw, not low calorie, retail",DR,173.0,0.8,6.0,16.3,1.2,6.0,296.0
15-636,"Coleslaw, with reduced calorie dressing, retail",DR,110.0,0.9,6.5,9.1,1.6,6.5,197.0
16-429,"Coley, flesh only, baked",JA,111.0,24.4,0.0,1.5,0.0,0.0,92.0
16-430,"Coley, flesh only, grilled",JA,105.0,27.2,0.0,1.4,0.0,0.0,88.0
16-431,"Coley, flesh only, poached",JA,114.0,25.0,0.0,1.5,0.0,0.0,95.0
16-383,"Coley, flesh only, raw",JA,82.0,18.0,0.0,1.1,0.0,0.0,68.0
16-469,"Coley, flesh only, steamed",JA,105.0,23.0,0.0,1.4,0.0,0.0,87.0
16-501,"Coley, flesh only, steamed, weighed with bones and skin",JA,95.0,20.9,0.0,1.3,0.0,0.0,79.0
17-729,"Complan powder, original and sweet",PAA,438.0,15.6,64.8,14.7,0,42.8,190.0
17-730,"Complan powder, savoury",PAA,439.0,16.1,62.5,15.6,0.2,6.2,900.0
12-566,"Complan powder, savoury, made up with water",BH,97.0,3.6,13.9,3.5,0.0,1.4,200.0
12-568,"Complan powder, sweet, made up with semi-skimmed milk",BH,132.0,6.1,17.8,4.5,0,13.0,75.0
12-569,"Complan powder, sweet, made up with skimmed milk",BH,122.0,6.1,17.9,3.4,0,13.1,76.0
12-567,"Complan powder, sweet, made up with water",BH,98.0,3.5,14.6,3.3,0,9.6,43.0
12-570,"Complan powder, sweet, made up with whole milk",BH,145.0,6.1,17.7,6.0,0,12.9,74.0
15-723,"Coo-coo, homemade",DR,99.0,2.4,17.7,1.8,,,9.0
12-501,"Cooking fat, compound, not polyunsaturated",BTM,900.0,0.0,0.0,100.0,0.0,0.0,0
19-486,"Coq au vin, homemade",MR,188.0,11.0,3.3,11.0,0.2,0.4,154.0
19-571,"Coq au vin, homemade, weighed with bone",MR,150.0,9.0,2.7,9.0,0.2,0.3,154.0
13-818,"Coriander leaves, dried",H,279.0,21.8,41.7,4.8,,,210.0
13-888,"Coriander leaves, fresh",H,18.0,2.1,1.2,0.5,2.8,0.9,46.0
15-724,"Corn fritters, fried in rapeseed oil, homemade",DR,287.0,5.8,32.9,15.2,2.5,4.9,144.0
15-725,"Corn pudding, homemade",DR,78.0,4.7,8.9,2.9,1.6,5.9,43.0
17-645,Corn snacks,SN,526.0,6.0,60.8,30.4,1.3,5.5,909.0
19-572,"Corned beef hash, homemade",MR,141.0,10.5,12.3,5.9,1.3,1.9,321.0
19-128,"Corned beef, canned",MI,205.0,25.9,1.0,10.9,0.0,1.0,860.0
12-507,Cornetto type ice cream cone,BP,292.0,3.5,39.6,14.4,1.2,27.9,90.0
19-573,"Cornish pasty, homemade",MR,287.0,6.7,27.8,19.2,2.5,2.3,131.0
19-466,"Cornish pasty, retail",MR,278.0,7.0,24.0,17.8,2.9,2.1,470.0
11-011,"Cornmeal, sifted",AA,368.0,9.4,73.1,3.3,,,0
19-477,"Coronation chicken, homemade",MR,362.0,16.6,3.5,31.4,0.2,3.4,122.0
19-574,"Coronation chicken, reduced fat, homemade",MR,216.0,16.6,4.2,14.8,0.2,2.9,
13-628,"Courgette, boiled in unsalted water",DG,15.0,1.3,1.8,0.3,0.8,1.7,0
13-668,"Courgette, dried",DI,280.0,23.3,41.2,3.6,9.0,39.4,0
13-414,"Courgette, fried in butter",DG,63.0,2.6,2.6,4.8,,2.5,1.0
13-232,"Courgette, fried in corn oil",DG,63.0,2.6,2.6,4.8,,2.5,1.0
13-587,"Courgette, fried in rapeseed oil",DG,63.0,2.6,2.6,4.8,,2.5,1.0
13-627,"Courgette, raw",DG,16.0,1.3,2.3,0.2,0.5,2.2,0
13-629,"Courgette, roasted in rapeseed oil",DG,39.0,2.0,3.55,1.9,0.77,3.4,0
15-726,"Courgettes with eggs, homemade",DR,112.0,3.9,2.2,9.7,,2.0,28.0
11-902,"Couscous, plain, cooked",AT,178.0,7.2,37.5,1.0,2.2,1.0,4.0
11-901,"Couscous, plain, raw",AT,364.0,12.0,79.2,2.1,3.7,2.3,4.0
16-391,"Crab, brown meat, purchased cooked",JK,145.0,18.8,0.0,7.8,0.0,0,351.0
16-452,"Crab, canned in brine, drained",JK,77.0,18.1,0.0,0.5,0.0,0,550.0
16-441,"Crab, purchased cooked",JK,115.0,19.7,0.0,4.1,0.0,0,337.0
16-470,"Crab, white and brown meat, purchased cooked, weighed with shell",JK,51.0,8.6,0.0,1.8,0.0,0,148.0
16-392,"Crab, white meat, purchased cooked",JK,85.0,20.5,0.0,0.3,0.0,0,322.0
11-1134,"Crackers, wholemeal, homemade",AM,421.0,9.8,76.7,10.5,5.4,0.8,161.0
14-073,Cranberries,FA,15.0,0.4,3.4,0.1,,3.4,2.0
17-744,Cranberry fruit juice drink,PE,45.0,0.0,12.1,0.0,0,12.1,0
16-235,"Crayfish, raw",JK,67.0,14.9,0.0,0.8,,0.0,150.0
11-820,Cream crackers,AM,445.0,8.9,69.7,16.4,3.9,1.5,384.0
17-358,Cream of tartar,WY,239.0,0.0,0.0,0.0,,0.0,0.0
12-342,"Cream substitute, double",BJS,345.0,2.6,3.6,35.7,0.2,3.6,47.0
12-544,"Cream substitute, single",BJS,158.0,3.1,4.0,14.5,,4.0,61.0
12-337,"Cream, dairy, extra thick (24% fat)",BJC,236.0,2.9,3.4,23.5,0.0,3.4,29.0
12-338,"Cream, dairy, UHT, canned spray, 85% cream",BJP,252.0,1.9,7.2,24.2,0.0,7.2,31.0
12-339,"Cream, dairy, UHT, half fat, canned spray",BJP,196.0,2.8,7.6,17.3,0.0,7.4,35.0
12-592,"Cream, fresh, clotted",BJC,586.0,1.6,2.3,63.5,0.0,2.3,18.0
12-334,"Cream, fresh, double, including Jersey cream",BJC,496.0,1.6,1.7,53.7,0.0,1.7,22.0
12-332,"Cream, fresh, single",BJC,193.0,3.3,2.2,19.1,0.0,2.2,29.0
12-333,"Cream, fresh, whipping",BJC,381.0,2.0,2.7,40.3,0.0,2.7,25.0
12-112,"Cream, half, fresh",BJC,148.0,3.0,4.3,13.3,,4.3,49.0
12-571,"Crème caramel, homemade",BR,157.0,5.1,28.7,3.3,0.0,28.7,64.0
12-397,"Creme caramel, retail",BR,104.0,3.0,20.6,1.6,,18.0,70.0
17-763,Creme egg,SEA,425.0,4.0,71.0,15.9,,58.0,63.0
12-335,"Creme fraiche, full fat",BJC,378.0,2.2,2.4,40.0,0.0,2.1,22.0
12-336,"Creme fraiche, half fat",BJC,162.0,2.7,4.4,15.0,0.0,3.0,36.0
11-822,"Crispbread, rye",AM,284.0,8.6,63.4,1.4,20.0,3.4,264.0
11-988,Croissants,AG,373.0,8.3,43.3,19.7,3.1,5.3,330.0
11-1055,"Crumble, apple, homemade",AS,201.0,1.7,35.0,6.4,0.8,23.4,64.0
11-1056,"Crumble, fruit, homemade",AS,195.0,2.0,34.5,6.4,,21.1,65.0
11-1020,"Crumble, fruit, retail",AS,219.0,2.4,36.0,8.3,2.3,21.8,82.0
11-994,"Crumble, fruit, wholemeal, homemade",AS,198.0,2.5,32.7,7.3,,21.3,63.0
15-729,"Crumble, vegetable, with tinned tomatoes, homemade",DR,174.0,3.1,20.1,9.6,,4.9,69.0
15-730,"Crumble, vegetable, with tinned tomatoes, wholemeal, homemade",DR,170.0,3.6,18.1,9.7,,5.0,69.0
15-727,"Crumble, vegetable, with white sauce, homemade",DR,165.0,4.9,19.6,7.9,1.9,4.0,82.0
15-728,"Crumble, vegetable, with white sauce, wholemeal, homemade",DR,171.0,5.4,20.8,7.9,,4.6,148.0
11-1057,"Crumble, with pie filling, homemade",AS,207.0,1.9,37.2,6.6,0.7,19.4,96.0
11-989,"Crumpets, toasted",AP,207.0,6.9,45.4,1.0,3.1,3.1,1029.0
13-523,"Cucumber, raw, flesh and skin",DG,14.0,1.0,1.2,0.6,0.7,1.2,4.0
13-649,"Curly kale, boiled in unsalted water",DG,26.0,2.7,1.0,1.3,3.5,0.9,6.0
13-234,"Curly kale, raw",DG,33.0,3.4,1.4,1.6,,1.3,43.0
11-1009,"Currant buns, retail",AF,280.0,8.0,52.6,5.6,2.9,16.0,230.0
11-948,"Currant buns, toasted",AP,311.0,8.9,58.4,6.2,3.2,17.8,260.0
14-074,Currants,FA,267.0,2.3,67.8,0.4,,67.8,14.0
13-821,"Curry leaves, fresh",H,97.0,7.9,13.3,1.3,,,
17-720,Curry paste,WC,253.0,4.7,11.3,21.3,6.8,7.0,1520.0
13-876,Curry powder,H,233.0,9.5,26.1,10.8,,,450.0
13-823,"Curry powder, mixed flavours",H,316.0,13.0,34.7,13.9,,,400.0
15-731,"Curry, almond, homemade",DR,328.0,5.7,3.3,33.4,,1.1,51.0
19-547,"Curry, beef and spinach, homemade",MR,94.0,11.4,3.6,4.4,,2.8,36.0
19-549,"Curry, beef, homemade",MR,209.0,17.7,1.2,15.4,,0.6,57.0
19-472,"Curry, beef, reduced fat, homemade",MR,139.0,18.8,1.3,7.1,1.0,0.7,64.0
19-488,"Curry, beef, retail, reheated",MR,137.0,13.5,6.3,6.6,2.4,4.5,190.0
19-529,"Curry, beef, retail, reheated, with rice",MR,147.0,9.5,18.2,4.6,1.8,2.6,173.0
15-627,"Curry, bhindi subji, homemade",DR,71.0,2.9,4.9,4.6,7.2,4.4,437.0
15-735,"Curry, black gram, whole and red kidney bean, homemade",DR,94.0,4.5,8.4,5.0,,1.2,26.0
15-736,"Curry, black gram, whole, Bengali, homemade",DR,76.0,4.4,8.5,2.8,,1.6,33.0
15-737,"Curry, black gram, whole, Gujerati, homemade",DR,154.0,8.4,15.3,6.7,,2.5,71.0
15-738,"Curry, black-eye bean, homemade",DR,139.0,8.1,18.4,4.4,,1.0,23.0
15-095,"Curry, black-eye bean, Punjabi, homemade",DR,111.0,6.0,13.7,4.0,,1.1,
15-739,"Curry, Bombay potato, homemade",DR,118.0,1.8,13.8,6.7,1.9,1.2,16.0
15-740,"Curry, cabbage, masala, homemade",DR,83.0,1.7,8.1,4.9,3.2,6.4,25.0
15-741,"Curry, cauliflower and potato, homemade",DR,60.0,2.6,6.7,2.0,2.1,2.7,13.0
15-742,"Curry, chick pea dahl and spinach, with butter, homemade",DR,182.0,6.4,12.9,12.0,,0.9,135.0
15-743,"Curry, chick pea dahl and spinach, with vegetable oil, homemade",DR,201.0,6.3,12.8,14.2,,0.9,44.0
15-641,"Curry, chick pea dhal, homemade",DR,152.0,7.9,17.8,6.1,,1.9,32.0
15-748,"Curry, chick pea, UK type, homemade",DR,109.0,5.9,14.3,3.5,,2.7,12.0
15-745,"Curry, chick pea, whole and potato, homemade",DR,119.0,5.9,12.6,5.4,,2.1,17.0
15-746,"Curry, chick pea, whole and tomato, Gujerati, with butter ghee, homemade",DR,237.0,7.7,20.1,14.4,,3.8,15.0
15-747,"Curry, chick pea, whole and tomato, Gujerati, with vegetable oil, homemade",DR,238.0,7.7,20.1,14.7,,3.8,15.0
15-107,"Curry, chick pea, whole and tomato, Punjabi, with butter, homemade",DR,107.0,5.6,12.4,4.3,,1.1,
15-108,"Curry, chick pea, whole and tomato, Punjabi, with vegetable oil, homemade",DR,112.0,5.6,12.4,4.9,,1.1,
15-744,"Curry, chick pea, whole, Gujerati type, homemade",DR,183.0,9.7,21.8,7.6,,1.2,43.0
19-449,"Curry, chicken balti, retail",MR,105.0,10.5,4.8,5.0,2.0,3.5,258.0
19-565,"Curry, chicken korma, homemade",MR,127.0,14.6,4.6,5.1,0.7,2.8,68.0
19-540,"Curry, chicken tandoori, retail, reheated",MR,214.0,27.4,2.0,10.8,0.8,1.0,
19-296,"Curry, chicken tikka masala, retail, reheated",MIG,156.0,12.4,4.9,9.8,1.4,3.6,220.0
19-567,"Curry, chicken vindaloo, homemade",MR,192.0,18.5,2.6,12.5,0.7,1.7,65.0
19-568,"Curry, chicken vindaloo, reduced fat, homemade",MR,121.0,19.6,2.7,4.1,,1.8,68.0
19-520,"Curry, chicken, average, retail, reheated",MR,149.0,12.1,5.4,8.9,1.5,4.4,240.0
19-528,"Curry, chicken, average, retail, reheated with rice",MR,154.0,8.5,18.2,5.8,1.3,2.4,200.0
19-322,"Curry, chicken, average, takeaway",MR,145.0,11.7,2.5,9.8,2.2,1.2,356.0
19-534,"Curry, chicken, made with cook-in sauce",MR,144.0,18.6,5.5,5.4,1.5,3.9,246.0
19-465,"Curry, chicken, Thai green, takeaway and restaurant",MR,119.0,8.8,1.5,8.7,2.6,0.5,550.0
15-749,"Curry, courgette and potato, homemade",DR,96.0,1.8,9.6,5.9,,1.8,2.0
15-774,"Curry, dudhi, kofta, homemade",DR,111.0,2.6,9.3,6.9,,,4.0
15-750,"Curry, egg and potato, homemade",DR,138.0,7.5,6.5,9.3,1.1,1.5,83.0
15-752,"Curry, egg, in sweet sauce, UK type, homemade",DR,112.0,6.3,5.9,7.3,,3.4,67.0
15-753,"Curry, egg, with butter, homemade",DR,135.0,5.4,4.7,10.6,1.4,3.4,130.0
15-754,"Curry, egg, with rapeseed oil, homemade",DR,149.0,5.3,4.7,12.2,1.4,3.3,65.0
16-462,"Curry, fish and vegetable, Bangladeshi, homemade",J,118.0,9.1,1.4,8.7,,1.1,
16-446,"Curry, fish, Bangladeshi, homemade",JR,125.0,12.4,1.5,8.0,0.8,1.2,
16-364,"Curry, fish, homemade",JR,139.0,11.3,1.9,9.6,2.1,1.9,430.0
15-755,"Curry, green bean, masala, homemade",DR,130.0,1.7,4.4,12.5,3.1,2.6,14.0
16-455,"Curry, haddock, Bengali, homemade",JR,263.0,11.4,4.2,22.0,1.1,3.2,240.0
16-456,"Curry, herring, Bengali, homemade",JR,327.0,11.4,4.2,29.6,1.1,3.2,271.0
15-756,"Curry, karela, homemade",DR,111.0,1.6,4.6,9.7,1.2,3.3,2.0
19-591,"Curry, lamb biryani, homemade",MR,195.0,7.1,20.9,9.2,,2.0,21.0
19-592,"Curry, lamb biryani, reduced fat, homemade",MR,150.0,7.4,21.9,3.7,,2.0,20.0
19-595,"Curry, lamb rogan josh, homemade",MR,149.0,14.4,3.9,9.1,1.8,3.0,44.0
19-599,"Curry, lamb vindaloo, homemade",MR,199.0,19.8,2.7,12.9,0.9,1.8,59.0
19-535,"Curry, lamb, made with cook-in sauce",MR,242.0,15.5,5.5,17.7,1.5,3.9,231.0
15-757,"Curry, lentil, red/masoor dahl and mung bean dahl, homemade",DR,116.0,4.8,10.1,6.7,,0.9,18.0
15-758,"Curry, lentil, red/masoor dahl and tomato, Punjabi, homemade",DR,93.0,3.2,8.5,5.5,,2.4,18.0
15-759,"Curry, lentil, red/masoor dahl and tomato, with butter, homemade",DR,104.0,4.3,10.6,5.3,,1.1,57.0
15-760,"Curry, lentil, red/masoor dahl and tomato, with vegetable oil, homemade",DR,113.0,4.3,10.6,6.3,,1.1,13.0
15-761,"Curry, lentil, red/masoor dahl and vegetable, UK type, homemade",DR,112.0,5.7,14.8,3.8,,2.4,12.0
15-125,"Curry, lentil, red/masoor dahl, mung bean dahl and tomato, homemade",DR,92.0,4.4,9.7,4.3,,0.8,
15-762,"Curry, lentil, red/masoor dahl, Punjabi, homemade",DR,141.0,7.2,19.3,4.6,,3.9,55.0
15-763,"Curry, lentil, red/masoor dahl, with butter, homemade",DR,161.0,7.6,19.3,6.6,,2.2,74.0
15-764,"Curry, lentil, red/masoor dahl, with vegetable oil, homemade",DR,173.0,7.6,19.2,7.9,,2.2,20.0
15-765,"Curry, lentil, whole/masoor, Gujerati, homemade",DR,137.0,6.5,17.0,5.3,,3.1,56.0
15-766,"Curry, lentil, whole/masoor, Punjabi, homemade",DR,148.0,5.7,13.9,8.3,,1.4,26.0
15-767,"Curry, mung bean dahl and spinach, homemade",DR,102.0,7.8,12.3,2.9,,3.0,153.0
15-132,"Curry, mung bean dahl and tomato, homemade",DR,95.0,5.6,11.2,3.6,,0.8,
15-768,"Curry, mung bean dahl, Bengali, homemade",DR,74.0,4.2,7.4,3.4,,0.5,43.0
15-769,"Curry, mung bean, whole and turnip leaves, homemade",DR,169.0,4.4,6.2,14.4,,0.3,99.0
15-771,"Curry, mung bean, whole, Gujerati, homemade",DR,126.0,6.0,13.2,5.9,,2.5,6.0
15-490,"Curry, mung bean, whole, Punjabi, homemade",DR,74.0,4.2,8.8,2.8,,1.0,231.0
15-776,"Curry, pea and potato, homemade",DR,147.0,2.5,10.2,11.0,2.8,2.7,26.0
15-777,"Curry, pigeon pea dahl and tomato, homemade",DR,56.0,2.3,7.3,2.2,,1.5,10.0
15-778,"Curry, pigeon pea dahl with tomatoes and peanuts, homemade",DR,121.0,6.9,16.9,3.3,,1.0,11.0
15-779,"Curry, pigeon pea dahl, with butter, homemade",DR,108.0,4.6,13.5,4.7,,2.1,58.0
15-780,"Curry, pigeon pea dahl, with vegetable oil, homemade",DR,116.0,4.6,13.5,5.5,,2.1,22.0
15-781,"Curry, potato and pea, homemade",DR,92.0,2.7,13.0,3.7,3.1,3.7,30.0
15-782,"Curry, potato, Gujerati, homemade",DR,94.0,1.5,11.8,5.4,1.4,2.1,22.0
15-783,"Curry, potato, Punjabi, homemade",DR,94.0,1.8,13.8,4.0,2.0,2.4,49.0
16-457,"Curry, prawn and mushroom, homemade",J,164.0,5.7,2.7,14.3,1.1,1.7,73.0
16-365,"Curry, Prawn bhuna, takeaway",JR,120.0,8.6,1.8,8.7,2.5,1.2,321.0
16-366,"Curry, Prawn madras, takeaway",JR,115.0,7.8,2.5,8.3,2.4,1.2,301.0
16-333,"Curry, prawn, takeaway",JR,118.0,8.2,2.3,8.5,2.5,1.4,311.0
15-784,"Curry, red kidney and mung bean, whole, homemade",DR,153.0,3.9,7.6,12.1,,0.4,37.0
15-785,"Curry, red kidney bean, Gujerati, homemade",DR,107.0,4.0,9.7,6.1,,2.3,4.0
15-146,"Curry, red kidney bean, Punjabi, homemade",DR,106.0,4.7,10.1,5.6,,1.2,
15-787,"Curry, spinach and potato, masala, homemade",DR,110.0,2.2,7.4,8.2,,4.9,35.0
15-634,"Curry, Thai, stir-fry vegetable, takeaway and restaurant",DR,101.0,3.8,3.3,8.2,3.1,1.6,570.0
15-788,"Curry, tinda gourd and potato, homemade",DR,74.0,1.6,8.5,3.9,,3.5,43.0
15-789,"Curry, vegetable, frozen mixed vegetables, homemade",DR,90.0,2.5,7.2,6.1,,2.9,25.0
15-790,"Curry, vegetable, in sweet sauce, UK type, homemade",DR,51.0,1.3,7.3,2.1,,3.9,9.0
15-791,"Curry, vegetable, Islami, homemade",DR,81.0,2.2,8.4,4.6,,4.0,27.0
15-792,"Curry, vegetable, Pakistani, homemade",DR,64.0,2.3,9.2,2.6,,3.9,23.0
15-619,"Curry, vegetable, ready meal, without rice, cooked",DR,94.0,2.1,8.4,6.0,1.8,3.4,200.0
15-892,"Curry, vegetable, retail, with rice",DR,125.0,3.0,20.2,4.1,1.5,1.9,177.0
15-793,"Curry, vegetable, West Indian, homemade",DR,60.0,2.4,4.1,4.0,,2.1,54.0
15-794,"Curry, vegetable, with yogurt, UK type, homemade",DR,64.0,2.2,4.7,4.0,,4.0,15.0
14-075,"Custard apple/Bullock's heart, flesh only",FA,70.0,1.5,16.1,0.4,,14.9,5.0
11-1138,Custard powder,AA,354.0,0.6,92.0,0.7,,0,378.0
12-572,"Custard, confectioners'",BR,153.0,6.6,24.8,3.8,0.3,19.0,74.0
12-573,"Custard, egg",BR,95.0,5.9,10.9,3.4,0.0,10.9,73.0
12-519,"Custard, made up with semi-skimmed milk",BR,95.0,4.0,16.4,2.0,0,11.2,67.0
12-574,"Custard, made up with skimmed milk",BR,81.0,4.0,16.5,0.3,0,11.3,69.0
12-575,"Custard, made up with whole milk",BR,114.0,4.0,16.3,4.2,0,11.1,67.0
12-543,"Custard, ready to eat, canned and tetra-pak",BR,98.0,2.7,16.3,2.9,0,12.8,41.0
16-254,"Cuttlefish, raw",JM,71.0,16.1,0.0,0.7,,0.0,370.0
16-038,"Dab, raw",JA,74.0,15.7,0.0,1.2,,0.0,77.0
13-484,"Dahl, mixed, homemade",DB,60.0,4.9,9.1,0.7,3.1,0.5,237.0
15-511,"Dal Dhokari, homemade",DR,123.0,5.6,19.2,3.3,,1.2,342.0
14-077,"Damsons, flesh and skin, raw",FA,38.0,0.5,9.6,0.0,,9.6,2.0
14-078,"Damsons, flesh and skin, raw, weighed with stones",FA,34.0,0.5,8.6,0.0,,8.6,2.0
14-079,"Damsons, stewed with sugar",FA,74.0,0.4,19.3,0.0,,19.3,1.0
14-080,"Damsons, stewed with sugar, weighed with stones",FA,68.0,0.4,17.6,0.0,,17.6,1.0
14-081,"Damsons, stewed without sugar",FA,34.0,0.5,8.7,0.0,,8.7,1.0
14-082,"Damsons, stewed without sugar, weighed with stones",FA,31.0,0.4,7.9,0.0,,7.9,1.0
14-394,"Dates, dried, flesh and skin",FA,235.0,2.4,58.7,0.6,7.5,58.0,11.0
14-399,"Dates, dried, flesh and skin, weighed with stones",FA,197.0,2.0,49.3,0.5,6.3,48.7,9.0
14-083,"Dates, raw, flesh and skin",FA,124.0,1.5,31.3,0.1,,31.3,7.0
14-084,"Dates, raw, flesh and skin, weighed with stones",FA,107.0,1.3,26.9,0.1,,26.9,6.0
12-398,"Desserts, dairy, chocolate",BR,214.0,4.3,26.7,10.7,0,24.0,74.0
19-576,"Devilled kidneys, homemade",MR,129.0,13.7,1.4,7.7,0.3,1.5,189.0
13-825,"Dill, dried",H,253.0,19.9,42.2,4.4,,37.6,210.0
13-824,"Dill, fresh",H,25.0,3.7,0.9,0.8,,0.8,26.0
17-299,"Dips, sour-cream based, assorted flavours",WCG,360.0,2.9,4.0,37.0,,2.0,330.0
17-677,"Dips, sour-cream based, reduced fat",WCG,180.0,3.9,7.3,15.2,0.1,3.4,150.0
19-526,Doner kebab in pitta bread with salad,MR,248.0,14.1,12.5,16.0,0.9,1.1,
19-539,"Doner kebabs, meat only",MR,377.0,23.5,0.0,31.4,0.0,0.0,
15-513,"Dosa, filling, vegetable, homemade",DR,97.0,1.8,10.2,6.3,,4.1,446.0
11-850,"Doughnuts, ring, iced",AP,413.0,5.8,42.3,25.7,2.7,16.2,326.0
11-849,"Doughnuts, with jam",AP,321.0,5.4,48.4,13.1,1.7,20.3,404.0
16-039,"Dover sole, raw",JA,89.0,18.1,0.0,1.8,,0.0,100.0
17-715,"Dressing, blue cheese",WCG,368.0,2.0,9.8,35.9,1.3,7.7,840.0
17-701,"Dressing, French",WCG,335.0,0.3,11.7,32.2,0.5,6.7,600.0
17-716,"Dressing, French, fat free",WCG,33.0,0.1,8.7,0.0,0.5,8.6,1190.0
17-787,"Dressing, French, homemade",WC,680.0,0.1,0.2,74.9,0.0,0.2,1.0
17-788,"Dressing, oil and lemon, homemade",WC,652.0,0.1,3.4,72.4,0.1,3.4,0
17-717,"Dressing, thousand island",WCG,210.0,0.7,15.9,16.4,0.4,13.4,470.0
17-789,"Dressing, yogurt, homemade",WC,72.0,5.3,7.1,2.7,0.1,7.0,73.0
14-087,Dried mixed fruit,FA,268.0,2.3,68.1,0.4,,68.1,48.0
17-790,"Drinking chocolate powder, made up with semi-skimmed milk",PAA,74.0,3.7,10.9,2.0,,10.7,58.0
17-791,"Drinking chocolate powder, made up with skimmed milk",PAA,62.0,3.7,10.9,0.7,,10.8,59.0
17-792,"Drinking chocolate powder, made up with whole milk",PAA,89.0,3.6,10.8,3.8,,10.6,57.0
17-498,"Drinking chocolate, powder",PAA,377.0,6.4,79.7,5.8,,77.7,228.0
17-499,"Drinking chocolate, powder, reduced fat",PAA,354.0,6.4,82.1,2.3,,82.1,228.0
17-487,"Dripping, beef",OF,891.0,0.0,0.0,99.0,0.0,0.0,5.0
13-237,"Drumstick leaves, boiled in unsalted water",DG,70.0,6.6,11.2,1.0,,,9.0
13-236,"Drumstick leaves, raw",DG,72.0,7.4,9.2,1.5,,,4.0
13-239,"Drumstick pods, boiled in unsalted water",DG,36.0,2.1,6.1,0.2,,,43.0
13-238,"Drumstick pods, raw",DG,37.0,2.1,7.2,0.2,,,42.0
19-578,"Duck a l'orange, excluding fat and skin, homemade",MR,122.0,11.2,4.0,6.5,,1.0,257.0
19-579,"Duck a l'orange, including fat and skin, homemade",MR,236.0,9.8,3.7,20.0,,0.9,240.0
19-580,"Duck with pineapple, homemade",MR,313.0,13.8,6.7,25.5,,4.9,264.0
18-490,"Duck, crispy, chinese style, meat and skin",MCC,331.0,27.9,0.3,24.2,0.0,0.0,453.0
18-489,"Duck, meat only, raw",MCC,137.0,19.7,0.0,6.5,0.0,0.0,110.0
18-495,"Duck, raw, meat only, weighed with fat, skin and bone",MCC,38.0,5.5,0.0,1.8,,0.0,31.0
18-371,"Duck, raw, meat, fat and skin",MCC,388.0,13.1,0.0,37.3,,0.0,73.0
18-372,"Duck, roasted, meat only",MCC,195.0,25.3,0.0,10.4,0.0,0.0,96.0
18-373,"Duck, roasted, meat only, weighed with fat, skin and bone",MCC,41.0,5.3,0.0,2.2,,0.0,20.0
18-374,"Duck, roasted, meat, fat and skin",MCC,423.0,20.0,0.0,38.1,0.0,0.0,87.0
11-962,"Dumplings, homemade",AT,211.0,2.7,25.4,11.7,1.2,0.2,138.0
14-088,"Durian, flesh only",FA,136.0,2.4,28.4,1.4,,23.2,1.0
11-838,"Eccles cakes, retail",AN,365.0,4.4,48.8,18.3,3.6,34.0,221.0
16-036,"Eel, conger, flesh only, grilled",JA,137.0,21.7,0.0,5.5,,0.0,60.0
16-037,"Eel, conger, flesh only, grilled, weighed with bones and skin",JA,71.0,11.3,0.0,2.9,,0.0,31.0
16-035,"Eel, conger, flesh only, raw",JA,114.0,18.1,0.0,4.6,,0.0,50.0
16-173,"Eel, yellow, raw",JC,168.0,16.6,0.0,11.3,,0.0,89.0
12-950,Egg fu yung,CDE,229.0,10.2,2.5,19.3,,1.9,251.0
17-793,"Egg nog, homemade",QI,98.0,4.0,9.6,2.3,0.0,9.6,50.0
12-945,"Eggs, chicken, scrambled, with semi-skimmed milk",CD,237.0,11.0,0.7,21.2,0.1,0.7,253.0
12-941,"Eggs, chicken, white, boiled",CA,52.0,13.0,0.0,0.0,0.0,0,151.0
12-960,"Eggs, chicken, white, dried",CA,327.0,81.7,0.0,0.0,0.0,0,1399.0
12-938,"Eggs, chicken, white, raw",CA,43.0,10.8,0.0,0.0,0.0,0,185.0
12-940,"Eggs, chicken, whole, boiled",CA,143.0,14.1,0.0,9.6,0.0,0,150.0
12-961,"Eggs, chicken, whole, dried",CA,507.0,48.6,0.0,34.7,0.0,0,593.0
12-944,"Eggs, chicken, whole, fried in sunflower oil",CA,200.0,14.7,0.0,15.7,0.0,0,172.0
12-962,"Eggs, chicken, whole, fried, without fat",CA,167.0,16.0,0.0,11.4,0.0,0,195.0
12-943,"Eggs, chicken, whole, poached",CA,149.0,13.3,0.0,10.6,0.0,0,121.0
12-937,"Eggs, chicken, whole, raw",CA,131.0,12.6,0.0,9.0,0.0,0,154.0
12-963,"Eggs, chicken, whole, scrambled, without milk",CA,152.0,14.6,0.0,10.4,0.0,0,178.0
12-942,"Eggs, chicken, yolk, boiled",CA,360.0,16.7,0.0,32.6,0.0,0,52.0
12-939,"Eggs, chicken, yolk, raw",CA,347.0,16.4,0.0,31.3,0.0,0,52.0
12-814,"Eggs, duck, boiled and salted",CA,198.0,14.6,0.0,15.5,,0,1690.0
12-920,"Eggs, duck, whole, raw",CA,163.0,14.3,0.0,11.8,,0,120.0
12-815,"Eggs, quail, whole, raw",CA,151.0,12.9,0.0,11.1,,0,
12-816,"Eggs, turkey, whole, raw",CA,165.0,13.7,0.0,12.2,,0,
14-089,"Elderberries, whole fruit",FA,35.0,0.7,7.4,0.5,,7.4,1.0
19-586,"Enchiladas, beef, homemade",MR,153.0,9.6,11.1,8.2,0.5,2.7,194.0
13-240,"Endive, raw",DG,13.0,1.8,1.0,0.2,,1.0,10.0
17-672,"Energy drink, carbonated",PCA,42.0,0.0,11.1,0.0,0.0,11.1,60.0
19-131,"Faggots in gravy, retail, reheated",MR,148.0,8.2,12.6,7.5,,1.7,540.0
19-464,"Fajita, chicken, meat only, takeaway and restaurant",MR,125.0,16.8,0.3,6.3,0.8,0,334.0
15-795,"Falafel, fried in rapeseed oil, homemade",DR,183.0,6.4,15.9,11.2,,2.7,67.0
12-497,"Fat spread, low fat (26-39%), not polyunsaturated, including dairy type",OA,354.0,0.2,0.7,39.0,0.0,0.4,692.0
12-498,"Fat spread, low fat (26-39%), not polyunsaturated, with olive oil",OA,353.0,0.1,0.5,38.9,0.0,0.5,488.0
12-499,"Fat spread, low fat (26-39%), polyunsaturated",OA,339.0,0.0,1.8,36.9,0.0,1.3,482.0
12-504,"Fat spread, reduced fat (41-62%), not polyunsaturated",OA,552.0,0.4,1.3,60.6,0.0,1.3,689.0
12-505,"Fat spread, reduced fat (41-62%), not polyunsaturated, with olive oil",OA,537.0,0.2,1.1,59.1,0.0,1.1,551.0
12-503,"Fat spread, reduced fat (41-62%), polyunsaturated",OA,533.0,0.0,0.0,59.2,0.0,0,600.0
12-506,"Fat spread, reduced fat (62-75%), not polyunsaturated",OA,660.0,0.3,0.0,73.2,0.0,0,747.0
17-710,"Fat spread, reduced fat (62-75%), polyunsaturated",OA,620.0,0.4,0.6,68.5,0.0,0.6,600.0
14-090,"Feijoa, flesh only",FA,47.0,0.9,10.3,0.5,,10.0,3.0
13-542,"Fennel, Florence, boiled in unsalted water",DG,11.0,0.9,1.5,0.2,,1.4,11.0
13-241,"Fennel, Florence, raw",DG,12.0,0.9,1.8,0.2,,1.7,11.0
13-243,"Fenugreek leaves, raw",DG,35.0,4.6,4.8,0.2,,,76.0
11-805,Fig Rolls,AM,363.0,4.2,66.8,10.6,3.9,43.8,273.0
14-093,"Figs, dried, stewed with sugar",FA,143.0,1.9,34.3,0.8,,34.3,32.0
14-094,"Figs, dried, stewed without sugar",FA,126.0,2.0,29.4,0.9,,29.4,34.0
14-395,"Figs, ready-to-eat, semi-dried",FA,186.0,3.1,43.3,1.2,10.0,43.3,111.0
14-092,"Figs, whole fruit, dried",FA,227.0,3.6,52.9,1.6,,52.9,62.0
14-091,"Figs, whole green fruit, raw",FA,43.0,1.3,9.5,0.3,,9.5,3.0
16-279,"Fish balls, steamed",JR,74.0,11.8,5.5,0.5,,0,750.0
16-444,"Fish fingers, cod, fried in rapeseed oil",JR,240.0,13.0,19.9,12.6,1.8,1.3,287.0
16-445,"Fish fingers, cod, fried in sunflower oil",JR,240.0,13.0,19.9,12.6,1.8,1.3,287.0
16-405,"Fish fingers, cod, grilled/baked",JR,223.0,14.3,22.0,9.2,2.0,1.5,317.0
16-371,"Fish fingers, pollock, grilled",JR,213.0,13.9,20.0,9.2,2.0,1.3,401.0
16-406,"Fish fingers, salmon, grilled/baked",JR,247.0,17.2,20.7,11.2,2.0,1.1,288.0
16-450,Fish paste,JR,170.0,15.3,3.7,10.5,2.6,0.5,430.0
16-458,"Fishcakes, cod, homemade",JR,235.0,11.3,15.2,14.7,0.7,0.7,92.0
16-408,"Fishcakes, salmon, coated in breadcrumbs, baked",JR,245.0,11.4,20.4,13.7,1.7,1.6,322.0
16-459,"Fishcakes, salmon, homemade",JR,287.0,11.4,15.2,20.5,,0.7,74.0
16-407,"Fishcakes, white fish, coated in breadcrumbs, baked",JA,206.0,9.3,22.6,9.4,1.7,1.8,356.0
11-1066,"Flan case, pastry, homemade",AS,527.0,7.0,58.9,30.9,2.3,11.9,284.0
11-1067,"Flan case, sponge, homemade",AS,293.0,9.6,54.4,5.6,1.0,34.6,92.0
15-796,"Flan, cheese and mushroom, homemade",DR,282.0,10.8,16.0,19.9,1.8,2.2,257.0
15-797,"Flan, cheese and mushroom, wholemeal, homemade",DR,272.0,11.3,17.1,18.1,2.7,2.3,256.0
15-798,"Flan, cheese, onion and potato, homemade",DR,355.0,13.0,18.0,26.2,1.8,1.0,387.0
15-799,"Flan, cheese, onion and potato, wholemeal, homemade",DR,345.0,13.6,19.1,24.3,2.7,1.0,386.0
15-800,"Flan, lentil and tomato, homemade",DR,169.0,7.4,23.6,5.7,,2.5,73.0
15-801,"Flan, lentil and tomato, wholemeal, homemade",DR,165.0,7.7,22.0,5.8,,2.6,73.0
11-1069,"Flan, pastry, with fruit, homemade",AS,105.0,1.2,18.3,3.5,,11.2,35.0
15-802,"Flan, spinach, homemade",DR,211.0,8.6,13.4,14.7,,1.8,183.0
15-803,"Flan, spinach, wholemeal, homemade",DR,206.0,9.0,11.3,13.4,,1.9,183.0
11-1070,"Flan, sponge, with fruit, homemade",AS,101.0,2.3,21.5,1.2,,15.8,22.0
15-804,"Flan, vegetable, homemade",DR,229.0,5.3,18.2,15.6,2.5,2.7,157.0
15-805,"Flan, vegetable, wholemeal, homemade",DR,191.0,5.4,16.7,11.9,3.1,2.7,142.0
11-1071,"Flapjacks, homemade",AM,464.0,4.4,61.6,24.0,3.1,34.5,271.0
11-814,"Flapjacks, retail",AM,434.0,5.1,55.7,22.8,5.2,29.2,194.0
11-1128,"Flapjacks, retail, chocolate covered",AM,441.0,5.3,55.7,23.5,5.0,31.3,186.0
16-041,"Flounder, flesh only, steamed",JA,101.0,20.3,0.0,2.2,,0.0,120.0
16-042,"Flounder, flesh only, steamed, weighed with bones and skin",JA,57.0,11.4,0.0,1.2,,0.0,64.0
16-040,"Flounder, raw",JA,82.0,16.4,0.0,1.8,,0.0,92.0
11-895,"Flour, chapati, brown",AA,332.0,10.3,73.0,1.9,7.9,1.1,14.0
11-894,"Flour, chapati, white",AA,345.0,9.7,78.3,1.4,3.6,0.6,2.0
11-1045,"Flour, corn",AA,354.0,0.6,92.0,0.7,,0,11.0
11-899,"Flour, gari (cassava flour)",AA,361.0,0.7,95.1,0.2,4.6,0,4.0
11-896,"Flour, gram",AA,353.0,22.7,57.0,5.4,10.1,2.3,2.0
11-016,"Flour, millet, foxtail",AA,354.0,5.8,75.4,1.7,,,21.0
11-021,"Flour, rice",AA,366.0,6.4,80.1,0.8,,,5.0
11-897,"Flour, rye",AA,319.0,7.3,73.5,1.6,14.1,1.5,2.0
11-898,"Flour, soya",AA,409.0,34.3,18.7,22.4,18.0,6.4,1.0
11-887,"Flour, wheat, bread/strong, white",AA,353.0,11.3,79.2,1.2,3.3,0.5,2.0
11-892,"Flour, wheat, brown",AA,339.0,12.2,72.5,2.0,7.7,1.0,2.0
11-893,"Flour, wheat, brown, bread/strong",AA,341.0,13.4,72.0,1.9,6.0,1.0,2.0
11-886,"Flour, wheat, white, plain, soft",AA,352.0,9.1,80.9,1.4,4.0,0.6,2.0
11-888,"Flour, wheat, white, self raising",AA,348.0,8.9,79.6,1.5,4.0,0.6,342.0
11-889,"Flour, wheat, wholemeal",AA,327.0,11.6,69.9,2.0,10.1,1.4,2.0
11-890,"Flour, wheat, wholemeal, bread/strong",AA,327.0,14.2,66.7,2.2,10.0,1.1,3.0
11-891,"Flour, wheat, wholemeal, self raising",AA,359.0,10.8,69.3,1.9,,1.1,391.0
16-043,"Flying fish, raw",JA,86.0,21.0,0.0,0.3,,0.0,79.0
19-495,Frankfurter,MI,287.0,13.6,1.1,25.4,0.1,1.1,730.0
19-581,Frankfurter with bun,MI,264.0,10.7,35.6,9.8,1.8,2.1,504.0
19-582,"Frankfurter with bun, ketchup, fried onions and mustard",MI,194.0,6.8,26.5,7.4,2.0,6.7,472.0
12-534,"Fromage frais, fruit, children's, fortified",BNS,99.0,5.8,13.2,2.9,0.2,11.8,60.0
12-372,"Fromage frais, virtually fat free, fruit",BN,50.0,6.8,5.6,0.2,0.7,4.9,33.0
12-528,"Fromage frais, virtually fat free, natural",BN,49.0,7.7,4.6,0.1,0.0,4.4,37.0
14-336,"Fruit cocktail, canned in juice, whole contents",FA,45.0,0.4,11.7,0.0,,11.7,3.0
14-097,"Fruit cocktail, canned in syrup, whole contents",FA,57.0,0.4,14.8,0.0,,14.8,3.0
12-232,"Fruit fool, homemade",BR,163.0,1.0,20.2,9.3,,16.1,13.0
17-107,Fruit gums/jellies,SEC,324.0,6.5,79.5,0.0,,58.7,30.0
17-673,"Fruit juice drink, carbonated, no added sugar, ready to drink",PCA,2.0,0.0,0.6,0.0,0,0.6,0
17-735,"Fruit juice drink, carbonated, ready to drink",PCA,27.0,0.0,7.2,0.0,0,7.2,8.0
17-742,"Fruit juice drink, no added sugar, ready to drink",PCC,4.0,0.2,0.9,0.0,0,0.9,5.0
17-847,"Fruit juice drink/squash, diluted",PCC,7.0,0.0,1.8,0.0,0,1.8,8.0
17-846,"Fruit juice drink/squash, no sugar added, diluted",PCC,1.0,0.0,0.3,0.0,0,0.3,22.0
17-739,"Fruit juice drink/squash, no sugar added, undiluted",PCC,6.0,0.1,1.4,0.0,0,1.4,110.0
17-741,"Fruit juice drink/squash, ready to drink",PCC,37.0,0.1,9.8,0.0,0,9.8,5.0
17-738,"Fruit juice drink/squash, undiluted",PCC,34.0,0.1,8.9,0.0,0,8.9,40.0
17-746,"Fruit juice, mixed",PE,40.0,0.4,10.3,0.0,0.8,10.3,2.0
17-824,Fruit pastilles,SEC,327.0,2.8,84.2,0.0,,59.3,33.0
14-333,"Fruit salad, homemade",FA,59.0,0.7,14.3,0.3,,14.0,1.0
17-683,"Fudge, homemade",SEC,435.0,3.4,80.8,13.1,0.0,80.8,156.0
15-806,"Fu-fu, sweet potato, homemade",DR,109.0,1.6,25.9,0.3,,,37.0
15-807,"Fu-fu, yam, homemade",DR,155.0,2.1,37.4,0.3,,,16.0
11-913,Gajjeralla,AS,272.0,3.6,39.3,12.3,2.1,39.3,93.0
13-829,Garam masala,H,379.0,15.6,45.2,15.1,,,97.0
15-642,"Garlic mushrooms, not coated, homemade",DR,134.0,1.2,0.5,14.1,,0.4,128.0
13-830,Garlic powder,H,246.0,18.7,42.7,1.2,,4.2,19.0
13-244,"Garlic, raw",DG,98.0,7.9,16.3,0.6,,1.6,4.0
11-526,"Gateau, chocolate based, frozen",AN,295.0,3.5,37.2,15.7,,17.4,173.0
11-530,"Gateau, fruit, frozen",AN,248.0,3.2,33.3,12.3,,14.9,128.0
17-360,Gelatine,WY,338.0,84.4,0.0,0.0,0.0,0.0,330.0
12-502,Ghee made from vegetable oil,BTM,900.0,0.1,0.0,100.0,0.0,0.0,1.0
17-640,"Ghee, butter",OF,878.0,0.1,0.0,97.6,0.0,0,1.0
13-246,"Gherkins, pickled, drained",DG,14.0,0.9,2.6,0.1,1.5,2.4,690.0
13-245,"Gherkins, raw",DG,12.0,1.0,1.8,0.1,,1.6,11.0
18-394,"Giblets, chicken, boiled",MG,156.0,22.9,0.0,7.1,,0.0,67.0
18-393,"Giblets, chicken, raw",MG,142.0,17.1,0.0,8.2,,0.0,82.0
18-395,"Giblets, turkey, boiled",MG,192.0,28.1,0.0,8.8,,0.0,63.0
13-890,"Ginger, fresh",H,44.0,1.8,8.1,0.8,2.0,1.7,13.0
13-832,"Ginger, ground",H,284.0,7.4,60.0,3.3,14.1,19.8,34.0
11-1079,"Gingerbread, homemade",AN,371.0,5.6,65.9,11.3,1.7,34.7,253.0
17-049,"Glucose liquid, BP",SC,318.0,0.0,84.7,0.0,,40.2,150.0
18-375,"Goose, meat, raw, fat and skin",MCE,361.0,16.5,0.0,32.8,,0.0,61.0
18-376,"Goose, meat, roasted, fat and skin",MCE,301.0,27.5,0.0,21.2,0.0,0.0,80.0
14-100,"Gooseberries, cooking, raw",FA,19.0,1.1,3.0,0.4,,3.0,2.0
14-101,"Gooseberries, cooking, stewed with sugar",FA,54.0,0.7,12.9,0.3,,12.9,7.0
14-102,"Gooseberries, cooking, stewed without sugar",FA,16.0,0.9,2.5,0.3,,2.5,2.0
14-103,"Gooseberries, dessert, raw",FA,40.0,0.7,9.2,0.3,,9.2,1.0
19-583,"Goulash, homemade",MR,79.0,6.9,6.5,3.0,,1.7,254.0
13-248,"Gourd, ash, raw",DG,12.0,0.5,2.3,0.1,,,5.0
13-249,"Gourd, bottle, raw",DG,13.0,0.4,2.7,0.1,,,2.0
13-250,"Gourd, kantola, raw",DG,28.0,1.9,3.0,1.0,,0.9,8.0
13-252,"Gourd, karela, raw",DG,11.0,1.6,0.8,0.2,,0,1.0
13-254,"Gourd, ridge, raw",DG,17.0,0.8,3.3,0.1,,3.1,2.0
13-255,"Gourd, snake, raw",DG,21.0,0.5,4.1,0.3,,,25.0
13-256,"Gourd, tinda, raw",DG,21.0,1.4,3.6,0.2,,2.8,35.0
17-745,"Grape juice, unsweetened",PE,62.0,0.3,16.0,0.1,0.0,16.0,7.0
14-275,"Grapefruit juice, unsweetened",PE,33.0,0.4,8.3,0.1,0,8.3,7.0
14-107,"Grapefruit, canned in juice, whole contents",FA,30.0,0.6,7.3,0.0,,7.3,10.0
14-384,"Grapefruit, flesh only, raw",FA,34.08,0.89,6.94,0.5,0.9,6.94,0.78
14-385,"Grapefruit, flesh only, raw, weighed with peel and pips",FA,24.0,0.6,4.9,0.4,0.6,4.9,1.0
14-350,"Grapes, average",FA,65.0,0.7,16.1,0.2,1.3,16.1,1.0
14-351,"Grapes, average, weighed with pips",FA,64.0,0.7,15.8,0.2,1.3,15.8,1.0
14-322,"Grapes, green",FA,62.0,0.7,15.2,0.2,1.2,15.2,1.0
14-323,"Grapes, red",FA,67.0,0.6,17.0,0.1,1.3,17.0,1.0
17-724,Gravy instant granules,WY,407.0,4.4,65.2,16.1,1.6,5.3,5300.0
17-725,"Gravy instant granules, made up with water",WY,30.0,0.3,4.7,1.2,0.1,0.4,385.0
13-608,"Green beans, dried",DI,246.0,21.6,31.9,4.4,35.0,22.6,0
14-111,"Greengages, raw",FA,41.0,0.8,9.7,0.1,,9.7,1.0
14-112,"Greengages, raw, weighed with stones",FA,38.0,0.7,9.2,0.1,,9.2,1.0
14-113,"Greengages, stewed with sugar",FA,81.0,0.7,20.7,0.1,,20.7,0
14-114,"Greengages, stewed with sugar, weighed with stones",FA,78.0,0.7,19.9,0.1,,19.9,0
14-116,"Greengages, stewed without sugar, weighed with stones",FA,34.0,0.6,8.3,0.1,,8.3,1.0
14-115,"Greengages, stones, removed, stewed without sugar",FA,36.0,0.7,8.7,0.1,,8.7,1.0
14-117,"Grenadillas, flesh and seeds",FA,42.0,2.8,7.5,0.3,,7.5,28.0
18-377,"Grouse, meat only, roasted",MCG,128.0,27.6,0.0,2.0,,0.0,110.0
18-378,"Grouse, meat only, roasted, weighed with bone",MCG,59.0,12.7,0.0,0.9,,0.0,51.0
17-797,"Guacamole, homemade",WC,128.0,1.4,2.2,12.7,,1.3,5.0
14-118,"Guava, flesh only, raw",FA,26.0,0.8,5.0,0.5,,4.9,5.0
14-119,"Guava, raw, weighed with skin and pips",FA,24.0,0.7,4.5,0.5,,4.4,5.0
11-1081,"Gulab jamen/jambu, homemade",AP,273.0,6.5,49.9,6.6,0.5,35.6,115.0
11-1083,"Gulab jamen/jambu, retail",AP,306.0,7.2,43.3,12.8,,38.9,106.0
16-063,"Haddock, coated in crumbs, frozen, fried in blended oil",JA,196.0,14.7,12.6,10.0,,0,290.0
16-064,"Haddock, coated in crumbs, frozen, fried in blended oil, weighed with bones and skin",JA,157.0,11.8,10.1,8.0,,0,230.0
16-062,"Haddock, coated in crumbs, frozen, raw",JA,141.0,13.8,10.5,5.2,,0,290.0
16-057,"Haddock, fillets, flesh only, in flour, fried in blended oil, weighed with bones and skin",JA,120.0,18.4,3.9,3.6,,0,62.0
16-058,"Haddock, fillets, flesh only, in flour, fried in dripping",JA,138.0,21.1,4.5,4.1,,0,71.0
16-059,"Haddock, fillets, flesh only, in flour, fried in dripping, weighed with bones and skin",JA,120.0,18.4,3.9,3.6,,0,62.0
16-060,"Haddock, fillets, flesh only, in flour, fried in sunflower oil",JA,138.0,21.1,4.5,4.1,,0,71.0
16-061,"Haddock, fillets, flesh only, in flour, fried in sunflower oil, weighed with bones and skin",JA,120.0,18.4,3.9,3.6,,0,62.0
16-376,"Haddock, flesh only, grilled",JA,98.0,23.9,0.0,0.3,0.0,0.0,92.0
16-471,"Haddock, flesh only, grilled, fillets weighed with bones and skin",JA,87.0,21.0,0.0,0.3,0.0,0.0,81.0
16-473,"Haddock, flesh only, poached",JA,96.0,22.8,0.0,0.5,0.0,0.0,87.0
16-474,"Haddock, flesh only, poached, fillets weighed with bones and skin",JA,84.0,19.8,0.0,0.5,0.0,0.0,76.0
16-375,"Haddock, flesh only, raw",JA,75.0,17.8,0.0,0.4,0.0,0.0,68.0
16-402,"Haddock, flesh only, smoked, poached",JA,92.0,21.8,0.0,0.5,0.0,0.0,464.0
16-475,"Haddock, flesh only, smoked, poached, fillets weighed with bones and skin",JA,80.0,19.2,0.0,0.4,0.0,0.0,408.0
16-492,"Haddock, flesh only, smoked, raw",JA,83.0,19.7,0.0,0.5,0.0,0.0,420.0
16-493,"Haddock, flesh only, smoked, steamed",JA,95.0,22.5,0.0,0.5,0.0,0.0,549.0
16-494,"Haddock, flesh only, smoked, steamed, weighed with bones and skin",JA,84.0,20.0,0.0,0.5,0.0,0.0,489.0
16-377,"Haddock, flesh only, steamed",JA,93.0,21.8,0.0,0.6,0.0,0.0,84.0
16-472,"Haddock, flesh only, steamed, fillets weighed with bones and skin",JA,81.0,19.0,0.0,0.5,0.0,0.0,73.0
16-052,"Haddock, in batter, fried in blended oil",JA,232.0,17.1,10.0,14.0,,0,180.0
16-053,"Haddock, in batter, fried in dripping",JA,232.0,17.1,10.0,14.0,,0,180.0
16-495,"Haddock, in batter, fried in retail blend oil",JA,232.0,17.1,10.0,14.0,,0,180.0
16-055,"Haddock, in batter, fried in sunflower oil",JA,232.0,17.1,10.0,14.0,,0,180.0
19-132,"Haggis, boiled",MI,310.0,10.7,19.2,21.7,,0,770.0
16-071,"Hake, flesh only, grilled",JA,113.0,22.2,0.0,2.7,,0.0,130.0
16-072,"Hake, flesh only, grilled, weighed with bones and skin",JA,74.0,14.4,0.0,1.8,,0.0,84.0
16-070,"Hake, flesh only, raw",JA,92.0,18.0,0.0,2.2,,0.0,100.0
16-074,"Halibut, flesh only, grilled",JA,121.0,25.3,0.0,2.2,,0.0,71.0
16-076,"Halibut, flesh only, poached",JA,154.0,24.7,1.1,5.7,,1.1,100.0
16-077,"Halibut, flesh only, poached, weighed with bones and skin",JA,142.0,22.7,1.0,5.3,,1.0,96.0
16-073,"Halibut, flesh only, raw",JA,103.0,21.5,0.0,1.9,,0.0,60.0
16-075,"Halibut, grilled, weighed with bones and skin",JA,95.0,19.7,0.0,1.7,,0.0,55.0
17-798,"Halva, carrot, homemade",SEC,354.0,4.8,44.0,16.6,4.7,43.3,94.0
17-799,"Halva, semolina, homemade",SEC,342.0,2.2,49.1,16.7,,37.6,13.0
19-496,Ham,MAA,107.0,18.4,1.0,3.3,0.1,1.0,800.0
19-021,"Ham, gammon joint, boiled",MAA,204.0,23.3,0.0,12.3,0.0,0.0,1180.0
19-020,"Ham, gammon joint, raw",MAA,138.0,17.5,0.0,7.5,0.0,0.0,880.0
19-505,"Ham, gammon rashers, grilled",MAA,199.0,27.5,0.0,9.9,0.0,0.0,1360.0
18-379,"Hare, meat only, stewed",MEA,192.0,29.9,0.0,8.0,,0.0,40.0
18-380,"Hare, meat only, stewed, weighed with bone",MEA,139.0,21.8,0.0,5.8,,0.0,29.0
14-874,"Hazelnuts, kernel only",GA,650.0,14.1,6.0,63.5,6.9,4.0,6.0
14-885,"Hazelnuts, kernel only, weighed with shells",GA,247.0,5.4,2.3,24.1,2.6,1.5,2.0
18-396,"Heart, lamb, raw",MG,129.0,17.1,0.0,6.8,,0.0,140.0
18-492,"Heart, lamb, roasted",MG,226.0,25.3,0.0,13.9,0.0,0.0,84.0
18-398,"Heart, ox, raw",MG,104.0,18.2,0.0,3.5,,0.0,88.0
18-399,"Heart, ox, stewed",MG,157.0,27.8,0.0,5.1,,0.0,65.0
18-400,"Heart, pig, raw",MG,97.0,17.1,0.0,3.2,,0.0,80.0
18-401,"Heart, pig, stewed",MG,162.0,25.1,0.0,6.8,,0.0,76.0
16-176,"Herring, flesh only, grilled",JC,181.0,20.1,0.0,11.2,0.0,0.0,160.0
16-177,"Herring, flesh only, grilled, weighed with bones and skin",JC,123.0,13.7,0.0,7.6,,0.0,110.0
16-175,"Herring, flesh only, raw",JC,190.0,17.8,0.0,13.2,,0.0,120.0
16-183,"Herring, pickled",JC,209.0,16.7,10.0,11.1,,10.0,830.0
17-848,"High juice drink, diluted",PCC,32.0,0.1,8.5,0.0,0,8.5,2.0
17-674,"High juice drink, no added sugar, undiluted",PCC,18.0,0.3,4.6,0.0,0,4.6,100.0
17-740,"High juice drink, undiluted",PCC,161.0,0.3,42.6,0.0,0,42.6,11.0
16-184,"Hilsa, raw",JC,262.0,21.8,0.0,19.4,,0.0,52.0
16-079,"Hoki, grilled",JA,121.0,24.1,0.0,2.7,,0.0,120.0
16-078,"Hoki, raw",JA,85.0,16.9,0.0,1.9,,0.0,86.0
17-800,"Hollandaise sauce, homemade",WC,717.0,5.1,0.9,77.9,0.1,0.5,630.0
17-050,Honey,SC,288.0,0.4,76.4,0.0,0.0,76.4,11.0
17-051,Honey and comb,SC,281.0,0.6,74.4,4.6,,74.4,7.0
17-801,"Horlicks powder, made up with semi-skimmed milk",PAA,83.0,4.1,13.5,1.8,0.4,8.5,93.0
17-802,"Horlicks powder, made up with skimmed milk",PAA,72.0,4.1,13.5,0.6,0.4,8.5,95.0
17-803,"Horlicks powder, made up with whole milk",PAA,98.0,4.1,13.3,3.5,0.4,8.4,93.0
17-731,"Horlicks, powder",PAA,379.0,9.4,83.7,3.1,3.4,38.9,500.0
17-314,Horseradish sauce,WCN,153.0,2.5,17.9,8.4,2.5,15.0,910.0
13-258,"Horseradish, raw",DG,62.0,4.5,11.0,0.3,,7.3,8.0
11-1084,"Hot cross buns, homemade",AP,312.0,7.3,58.3,5.8,,23.4,77.0
19-522,"Hot pot, lamb/beef with potatoes, retail, reheated",MR,108.0,7.2,10.6,4.4,1.9,1.0,200.0
13-556,Houmous,DB,307.0,6.8,10.5,26.7,4.9,0.6,410.0
12-510,"Ice cream bars/choc ices, chocolate coated, luxury",BP,336.0,3.9,34.9,21.1,,32.9,64.0
12-384,"Ice cream bars/choc ices, non-dairy, with chocolate flavoured coating",BP,295.0,3.2,23.2,21.7,0,20.5,70.0
12-385,"Ice cream desserts, frozen",BP,251.0,3.5,21.0,17.6,0,19.7,62.0
17-689,"Ice cream sauce, topping, strawberry and chocolate flavours",SC,276.0,0.4,72.7,0.2,,62.3,0
12-581,"Ice cream with cone, non-dairy, vanilla",BP,200.0,2.9,32.0,7.5,0.3,22.6,81.0
12-582,"Ice cream with wafers, non-dairy, vanilla",BP,199.0,2.9,31.7,7.5,0.3,22.7,80.0
12-511,"Ice cream, dairy, luxury, with chocolate/caramel",BP,262.0,4.2,32.2,13.9,1.3,28.4,75.0
12-508,"Ice cream, dairy, vanilla, soft scoop",BP,169.0,3.2,22.0,8.2,0.2,22.0,63.0
12-509,"Ice cream, non dairy, vanilla, soft scoop",BP,192.0,2.6,29.8,7.7,0.2,23.5,76.0
12-482,"Ice cream, virtually fat free alternative",BP,102.0,4.4,20.6,0.8,0.0,19.0,
11-828,"Iced buns, retail",AN,322.0,6.0,60.8,7.8,2.5,25.8,228.0
17-783,"Icing, butter, homemade",S,507.0,0.2,63.4,29.4,0.0,62.8,269.0
17-804,"Icing, fondant, homemade",S,343.0,1.3,90.1,0.0,0,88.9,30.0
17-583,"Icing, glace, homemade",SC,333.0,0.0,88.9,0.0,,88.0,10.0
17-805,"Icing, Royal, homemade",SC,354.0,1.1,93.4,0.0,0,92.4,30.0
12-583,"Instant dessert powder, made up with skimmed milk",BR,96.0,3.3,14.4,3.2,,11.0,229.0
12-584,"Instant dessert powder, made up with whole milk",BR,121.0,3.2,14.3,6.0,,10.9,228.0
17-732,"Instant drinks powder, chocolate, low calorie",PAA,359.0,16.0,52.0,11.1,,33.6,1170.0
17-825,"Instant drinks powder, malted, unfortified",PAA,388.0,5.7,82.5,6.2,2.1,54.8,400.0
16-185,"Jackfish, raw",JC,108.0,21.7,0.0,2.4,,0.0,53.0
13-259,"Jackfruit, raw",DG,88.0,1.3,21.4,0.3,,20.6,3.0
11-739,Jaffa cakes,AM,354.0,4.4,69.3,8.5,1.5,51.6,85.0
11-846,"Jam tarts, retail",AS,353.0,3.2,58.2,13.5,1.4,32.1,26.0
17-073,"Jam, fruit with edible seeds",SC,261.0,0.6,69.0,0.0,,69.0,29.0
17-075,"Jam, reduced sugar",SC,123.0,0.5,31.9,0.1,1.7,31.9,20.0
17-688,"Jam, stone fruit",SC,261.0,0.4,69.3,0.0,1.0,69.3,46.0
14-121,"Jambu fruit, flesh only",FA,55.0,0.7,12.4,0.3,,,26.0
11-1088,"Jellabi, homemade",AP,369.0,4.2,57.5,14.9,1.6,,2.0
12-240,"Jelly, made with skimmed milk",BR,73.0,2.6,16.8,0.0,,16.8,29.0
12-237,"Jelly, made with water",BR,61.0,1.2,15.1,0.0,0.0,15.1,5.0
12-516,"Jelly, sugar free, made with water",BR,6.0,1.6,0.0,0.0,0.0,0.0,5.0
16-080,"John Dory, raw",JA,89.0,19.0,0.0,1.4,,0.0,60.0
14-122,"Jujube, flesh only",FA,87.0,1.5,19.7,0.3,,19.7,4.0
16-081,"Kalabasu, raw",JA,68.0,14.7,0.0,1.0,,0.0,
16-186,"Katla, raw",JA,100.0,19.5,0.0,2.4,,0.0,50.0
19-615,"Kebabs, pork and pineapple, homemade",MR,170.0,14.4,5.9,9.9,,6.1,78.0
16-447,"Kedgeree, homemade",JR,167.0,15.9,9.1,7.7,0.2,0,343.0
15-809,Khadhi,DR,63.0,3.4,6.6,2.8,,4.5,37.0
15-810,Khatiyu,DR,192.0,8.5,25.8,7.0,0.1,3.8,25.0
19-587,"Kheema, beef, homemade",MR,160.0,11.7,4.6,10.8,,2.6,44.0
19-480,"Kheema, lamb, homemade",MR,178.0,11.0,4.0,13.4,1.5,2.4,37.0
19-593,"Kheema, lamb, reduced fat, homemade",MR,142.0,11.4,3.2,9.4,1.6,1.6,39.0
15-528,"Khichadi, with butter ghee",DR,169.0,4.8,27.3,5.2,,0.2,495.0
15-529,"Khichadi, with vegetable oil",DR,169.0,4.8,27.0,5.2,,0.2,495.0
18-493,"Kidney, lamb, fried in corn oil",MG,188.0,23.7,0.0,10.3,0.0,0.0,230.0
18-402,"Kidney, lamb, raw",MG,91.0,17.0,0.0,2.6,,0.0,150.0
18-404,"Kidney, ox, raw",MG,88.0,17.2,0.0,2.1,,0.0,170.0
18-405,"Kidney, ox, stewed",MG,138.0,24.5,0.0,4.4,0.0,0.0,150.0
18-407,"Kidney, pig, fried",MG,202.0,29.2,0.0,9.5,,0.0,220.0
18-406,"Kidney, pig, raw",MG,86.0,15.5,0.0,2.7,,0.0,200.0
18-408,"Kidney, pig, stewed",MG,153.0,24.4,0.0,6.1,,0.0,370.0
16-398,"Kippers, flesh only, boil in the bag, with butter, cooked",JC,193.0,18.6,0.0,13.2,0.0,0,860.0
16-397,"Kippers, flesh only, grilled",JC,245.0,21.7,0.0,17.6,0.0,0.0,947.0
16-476,"Kippers, flesh only, grilled, fillets weighed with bones and skin",JC,219.0,19.3,0.0,15.7,0.0,0.0,843.0
14-371,"Kiwi fruit, flesh only, raw",FA,44.0,0.8,8.6,0.9,2.7,8.3,1.0
14-373,"Kiwi fruit, flesh only, raw, weighed with skin",FA,32.0,0.6,6.2,0.7,2.0,6.0,1.0
12-605,"Knickerbocker glory, homemade",BP,128.0,2.4,16.4,6.3,,14.1,30.0
19-642,"Kofta, beef, homemade",MR,290.0,25.3,1.3,20.5,0.3,0.8,116.0
19-594,"Kofta, lamb, coated with breadcrumbs, homemade",MR,277.0,23.8,9.7,16.0,,0.9,139.0
13-576,"Kohl rabi, boiled in unsalted water",DG,18.0,1.2,3.1,0.2,,3.0,3.0
13-261,"Kohl rabi, raw",DG,23.0,1.6,3.7,0.2,,3.6,4.0
12-606,"Kulfi, homemade",BP,457.0,5.7,13.8,42.4,,13.6,55.0
14-125,"Kumquats, whole fruit, raw",FA,43.0,0.9,9.3,0.5,,9.3,6.0
17-212,"Lager, alcohol-free",QA,7.0,0.4,1.5,0.0,0,1.2,2.0
17-676,"Lager, extra strong",QA,60.0,0.3,2.4,0.0,0,2.4,7.0
17-750,"Lager, low alcohol",QA,16.0,0.3,0.5,0.0,0,0.5,10.0
17-751,"Lager, premium",QA,29.0,0.3,0.0,0.0,0,0,7.0
17-749,"Lager, standard",QA,24.0,0.3,0.0,0.0,0,0,7.0
19-598,"Lamb stir-fried with vegetables, homemade",MR,244.0,16.4,2.3,18.4,,2.0,237.0
18-478,"Lamb, average, raw, lean and fat",MAE,187.0,19.0,0.0,12.3,0.0,0.0,58.0
18-103,"Lamb, best end neck cutlets, barbecued, lean",MAE,236.0,27.7,0.0,13.9,,0.0,82.0
18-105,"Lamb, best end neck cutlets, barbecued, lean and fat",MAE,342.0,24.3,0.0,27.2,,0.0,80.0
18-106,"Lamb, best end neck cutlets, barbecued, lean and fat, weighed with bone",MAE,246.0,17.5,0.0,19.6,,0.0,57.0
18-104,"Lamb, best end neck cutlets, barbecued, lean, weighed with fat and bone",MAE,120.0,14.1,0.0,7.1,,0.0,42.0
18-107,"Lamb, best end neck cutlets, grilled, lean",MAE,238.0,28.5,0.0,13.8,,0.0,84.0
18-109,"Lamb, best end neck cutlets, grilled, lean and fat",MAE,367.0,24.5,0.0,29.9,,0.0,81.0
18-110,"Lamb, best end neck cutlets, grilled, lean and fat, weighed with bone",MAE,259.0,17.6,0.0,21.0,,0.0,58.0
18-108,"Lamb, best end neck cutlets, grilled, lean, weighed with fat and bone",MAE,114.0,13.7,0.0,6.6,,0.0,40.0
18-101,"Lamb, best end neck cutlets, raw, lean and fat",MAE,316.0,16.3,0.0,27.9,,0.0,58.0
18-102,"Lamb, best end neck cutlets, raw, lean and fat, weighed with bone",MAE,231.0,11.9,0.0,20.4,,0.0,42.0
18-111,"Lamb, breast, raw, lean",MAE,179.0,19.6,0.0,11.2,,0.0,86.0
18-112,"Lamb, breast, raw, lean and fat",MAE,287.0,16.2,0.0,24.7,,0.0,69.0
18-113,"Lamb, breast, roasted, lean",MAE,273.0,26.7,0.0,18.5,0.0,0.0,93.0
18-114,"Lamb, breast, roasted, lean and fat",MAE,359.0,22.4,0.0,29.9,0.0,0.0,85.0
18-117,"Lamb, chump chops, fried, lean",MAE,213.0,28.1,0.0,11.2,,0.0,74.0
18-119,"Lamb, chump chops, fried, lean and fat",MAE,308.0,24.7,0.0,23.2,,0.0,72.0
18-120,"Lamb, chump chops, fried, lean and fat, weighed with bone",MAE,256.0,20.5,0.0,19.3,,0.0,60.0
18-118,"Lamb, chump chops, fried, lean, weighed with fat and bone",MAE,135.0,17.7,0.0,7.1,,0.0,47.0
18-115,"Lamb, chump chops, raw, lean and fat",MAE,242.0,18.3,0.0,18.8,,0.0,56.0
18-116,"Lamb, chump chops, raw, lean and fat, weighed with bone",MAE,211.0,15.9,0.0,16.4,,0.0,49.0
18-122,"Lamb, chump steaks, fried, lean and fat",MAE,283.0,24.8,0.0,20.4,,0.0,71.0
18-121,"Lamb, chump steaks, raw, lean and fat",MAE,222.0,18.6,0.0,16.4,,0.0,56.0
18-100,"Lamb, fat, average, cooked",MAE,568.0,15.4,0.0,56.3,0.0,0.0,72.0
18-098,"Lamb, fat, average, raw",MAE,518.0,13.3,0.0,51.6,0.0,0.0,36.0
18-099,"Lamb, fat, raw, average, extra trimmed",MAE,721.0,6.5,0.0,77.2,,0.0,
18-475,"Lamb, lean only, raw, average",MAE,153.0,20.2,0.0,8.0,0.0,0.0,70.0
18-097,"Lamb, lean only, raw, average, extra trimmed",MAE,148.0,20.0,0.0,7.5,,0.0,
18-124,"Lamb, leg chops, grilled, lean and fat",MAE,221.0,28.3,0.0,12.0,,0.0,71.0
18-125,"Lamb, leg chops, grilled, lean and fat, weighed with bone",MAE,186.0,23.8,0.0,10.1,,0.0,59.0
18-131,"Lamb, leg joint, roasted, lean",MAE,210.0,30.8,0.0,9.6,,0.0,82.0
18-132,"Lamb, leg joint, roasted, lean and fat",MAE,236.0,29.7,0.0,13.0,,0.0,82.0
18-133,"Lamb, leg steaks, grilled, lean",MAE,198.0,29.2,0.0,9.0,,0.0,70.0
18-134,"Lamb, leg steaks, grilled, lean and fat",MAE,231.0,28.0,0.0,13.2,,0.0,71.0
18-126,"Lamb, leg, half fillet, braised, lean",MAE,204.0,27.3,0.0,10.5,,0.0,58.0
18-127,"Lamb, leg, half fillet, braised, lean and fat",MAE,256.0,25.6,0.0,17.1,,0.0,62.0
18-128,"Lamb, leg, half knuckle, pot-roasted, lean",MAE,201.0,29.4,0.0,9.3,,0.0,58.0
18-129,"Lamb, leg, half knuckle, pot-roasted, lean and fat",MAE,237.0,28.1,0.0,13.8,0.0,0.0,60.0
18-130,"Lamb, leg, half knuckle, pot-roasted, lean and fat, weighed with bone",MAE,173.0,20.5,0.0,10.1,,0.0,44.0
18-137,"Lamb, leg, whole, roasted well done, lean",MAE,208.0,31.3,0.0,9.2,,0.0,62.0
18-138,"Lamb, leg, whole, roasted well done, lean and fat",MAE,242.0,29.8,0.0,13.6,,0.0,64.0
18-480,"Lamb, leg, whole, roasted, lean and fat",MAE,240.0,28.1,0.0,14.2,0.0,0.0,64.0
18-479,"Lamb, leg, whole, roasted, lean only",MAE,203.0,29.7,0.0,9.4,0.0,0.0,63.0
18-141,"Lamb, loin chops, grilled, lean",MAE,213.0,29.2,0.0,10.7,0.0,0.0,80.0
18-477,"Lamb, loin chops, grilled, lean and fat",MAE,305.0,26.5,0.0,22.1,0.0,0.0,81.0
18-496,"Lamb, loin chops, grilled, lean and fat, weighed with bone",MAE,247.0,21.5,0.0,17.9,,0.0,66.0
18-142,"Lamb, loin chops, grilled, lean, weighed with fat and bone",MAE,130.0,17.8,0.0,6.5,,0.0,49.0
18-145,"Lamb, loin chops, microwaved, lean",MAE,242.0,32.4,0.0,12.5,,0.0,75.0
18-147,"Lamb, loin chops, microwaved, lean and fat",MAE,352.0,27.5,0.0,26.9,0.0,0.0,74.0
18-148,"Lamb, loin chops, microwaved, lean and fat, weighed with bone",MAE,289.0,22.5,0.0,22.1,,0.0,60.0
18-146,"Lamb, loin chops, microwaved, lean, weighed with fat and bone",MAE,141.0,18.8,0.0,7.3,,0.0,44.0
18-476,"Lamb, loin chops, raw, lean and fat",MAE,277.0,17.6,0.0,23.0,0.0,0.0,63.0
18-497,"Lamb, loin chops, raw, lean and fat, weighed with bone",MAE,216.0,13.7,0.0,17.9,,0.0,49.0
18-149,"Lamb, loin chops, roasted, lean",MAE,257.0,34.4,0.0,13.3,0.0,0.0,91.0
18-151,"Lamb, loin chops, roasted, lean and fat",MAE,359.0,29.1,0.0,26.9,0.0,0.0,85.0
18-152,"Lamb, loin chops, roasted, lean and fat, weighed with bone",MAE,316.0,22.4,0.0,20.7,,0.0,75.0
18-150,"Lamb, loin chops, roasted, lean, weighed with fat and bone",MAE,144.0,19.3,0.0,7.4,,0.0,51.0
18-153,"Lamb, loin joint, raw, lean and fat",MAE,307.0,16.9,0.0,26.6,,0.0,61.0
18-154,"Lamb, loin joint, raw, lean and fat, weighed with bone",MAE,236.0,13.0,0.0,20.5,,0.0,47.0
18-155,"Lamb, loin joint, roasted, lean",MAE,209.0,28.2,0.0,10.7,,0.0,76.0
18-156,"Lamb, loin joint, roasted, lean and fat",MAE,303.0,25.3,0.0,22.4,,0.0,75.0
18-157,"Lamb, loin joint, roasted, lean and fat, weighed with bone",MAE,224.0,18.7,0.0,16.6,,0.0,76.0
18-481,"Lamb, mince, raw",MAE,196.0,19.1,0.0,13.3,0.0,0.0,69.0
18-159,"Lamb, mince, stewed",MAE,208.0,24.4,0.0,12.3,0.0,0.0,59.0
19-608,"Lamb, mince, stewed with onions",MR,129.0,10.6,2.8,8.5,0.4,0.6,317.0
18-160,"Lamb, neck fillet, raw, lean",MAE,203.0,19.4,0.0,13.9,,0.0,61.0
18-161,"Lamb, neck fillet, raw, lean and fat",MAE,232.0,18.4,0.0,17.6,,0.0,59.0
18-162,"Lamb, neck fillet, slices, grilled, lean",MAE,284.0,27.9,0.0,19.1,,0.0,78.0
18-163,"Lamb, neck fillet, slices, grilled, lean and fat",MAE,302.0,26.3,0.0,21.9,,0.0,76.0
18-164,"Lamb, neck fillet, strips, stir-fried  in corn oil, lean",MAE,278.0,24.4,0.0,20.0,0.0,0.0,68.0
18-165,"Lamb, neck fillet, strips, stir-fried in corn oil, lean and fat",MAE,301.0,23.2,0.0,23.1,,0.0,70.0
18-188,"Lamb, New Zealand, leg, whole, chilled, roasted, lean",MAE,207.0,28.8,0.0,10.2,,0.0,82.0
18-189,"Lamb, New Zealand, leg, whole, chilled, roasted, lean and fat",MAE,230.0,28.0,0.0,13.1,,0.0,82.0
18-190,"Lamb, New Zealand, leg, whole, frozen, raw, lean and fat, weighed with bone",MAE,160.0,15.0,0.0,11.1,,0.0,44.0
18-191,"Lamb, New Zealand, leg, whole, frozen, roasted, lean",MAE,206.0,30.6,0.0,9.3,,0.0,62.0
18-192,"Lamb, New Zealand, leg, whole, frozen, roasted, lean and fat",MAE,243.0,29.0,0.0,14.1,,0.0,63.0
18-193,"Lamb, New Zealand, leg, whole, frozen, roasted, lean and fat, weighed with bone",MAE,178.0,21.2,0.0,10.3,,0.0,47.0
18-194,"Lamb, New Zealand, loin chops, frozen, grilled, lean",MAE,249.0,31.4,0.0,13.7,,0.0,80.0
18-196,"Lamb, New Zealand, loin chops, frozen, grilled, lean and fat",MAE,364.0,26.9,0.0,28.5,,0.0,76.0
18-197,"Lamb, New Zealand, loin chops, frozen, grilled, lean and fat, weighed with bone",MAE,287.0,21.2,0.0,22.5,,0.0,60.0
18-195,"Lamb, New Zealand, loin chops, frozen, grilled, lean, weighed with fat and bone",MAE,147.0,18.5,0.0,8.1,,0.0,60.0
18-198,"Lamb, New Zealand, mince, frozen, stewed",MAE,243.0,20.9,0.0,17.7,,0.0,75.0
18-199,"Lamb, New Zealand, shoulder, whole, frozen, roasted, lean",MAE,251.0,27.6,0.0,15.6,,0.0,81.0
18-200,"Lamb, New Zealand, shoulder, whole, frozen, roasted, lean and fat",MAE,350.0,24.6,0.0,27.9,,0.0,79.0
18-168,"Lamb, rack of, lean, roasted",MAE,225.0,27.1,0.0,13.0,,0.0,77.0
18-166,"Lamb, rack of, raw, lean and fat",MAE,283.0,17.3,0.0,23.8,,0.0,61.0
18-167,"Lamb, rack of, raw, lean and fat, weighed with bone",MAE,204.0,12.5,0.0,17.1,,0.0,44.0
18-169,"Lamb, rack of, roasted, lean and fat",MAE,363.0,23.0,0.0,30.1,,0.0,75.0
18-177,"Lamb, shoulder joint, roasted, lean",MAE,235.0,28.4,0.0,13.5,,0.0,75.0
18-178,"Lamb, shoulder joint, roasted, lean and fat",MAE,282.0,25.9,0.0,19.8,,0.0,74.0
18-172,"Lamb, shoulder, diced, kebabs, grilled, lean and fat",MAE,288.0,28.5,0.0,19.3,0.0,0.0,87.0
18-173,"Lamb, shoulder, half bladeside, pot-roasted, lean",MAE,234.0,26.2,0.0,14.3,,0.0,68.0
18-174,"Lamb, shoulder, half bladeside, pot-roasted, lean and fat",MAE,324.0,23.5,0.0,25.6,,0.0,71.0
18-175,"Lamb, shoulder, half knuckle, braised, lean",MAE,212.0,25.1,0.0,12.4,,0.0,76.0
18-176,"Lamb, shoulder, half knuckle, braised, lean and fat",MAE,302.0,22.9,0.0,23.4,,0.0,76.0
18-170,"Lamb, shoulder, raw, lean and fat",MAE,235.0,17.6,0.0,18.3,,0.0,63.0
18-171,"Lamb, shoulder, raw, lean and fat, weighed with bone",MAE,188.0,14.1,0.0,14.6,,0.0,50.0
18-179,"Lamb, shoulder, whole, roasted, lean",MAE,218.0,27.2,0.0,12.1,0.0,0.0,80.0
18-180,"Lamb, shoulder, whole, roasted, lean and fat",MAE,298.0,24.7,0.0,22.1,0.0,0.0,80.0
18-181,"Lamb, shoulder, whole, roasted, lean and fat, weighed with bone",MAE,235.0,19.5,0.0,17.5,,0.0,63.0
18-184,"Lamb, stewing, pressure cooked, lean",MAE,248.0,28.7,0.0,14.8,,0.0,65.0
18-185,"Lamb, stewing, pressure cooked, lean and fat",MAE,291.0,25.7,0.0,20.9,,0.0,63.0
18-182,"Lamb, stewing, raw, lean and fat",MAE,203.0,22.5,0.0,12.6,,0.0,66.0
18-183,"Lamb, stewing, raw, lean and fat, weighed with bone",MAE,136.0,15.1,0.0,8.4,,0.0,44.0
18-186,"Lamb, stewing, stewed, lean",MAE,240.0,26.6,0.0,14.8,0.0,0.0,49.0
18-187,"Lamb, stewing, stewed, lean and fat",MAE,279.0,24.4,0.0,20.1,0.0,0.0,50.0
19-600,"Lamb's heart casserole, homemade",MR,161.0,11.8,9.9,8.1,,0.6,412.0
19-601,"Lancashire hotpot, homemade",MR,119.0,7.3,7.4,6.9,1.1,1.4,115.0
16-425,"Langoustine, boiled",JK,86.0,19.7,0.0,0.8,0.0,0.0,216.0
17-010,Lard,OF,891.0,0.0,0.0,99.0,0.0,0.0,2.0
19-481,"Lasagne, homemade",MR,180.0,9.6,15.2,9.6,1.0,2.8,235.0
19-482,"Lasagne, homemade, with extra lean minced beef",MR,160.0,10.1,15.2,7.0,1.0,2.8,237.0
19-523,"Lasagne, retail, reheated",MR,143.0,7.4,15.7,6.1,1.7,3.0,210.0
15-186,"Lasagne, spinach, wholemeal, homemade",DR,93.0,4.2,13.0,3.1,,2.2,130.0
15-651,"Lasagne, vegetable, retail",DR,117.0,4.8,13.4,5.3,,4.4,210.0
15-188,"Lasagne, vegetable, wholemeal, homemade",DR,106.0,4.8,12.4,4.6,,3.0,110.0
12-373,"Lassi, sweetened",BN,65.0,2.6,12.3,0.9,0.0,11.9,45.0
15-190,Laverbread,DR,52.0,3.2,1.6,3.7,,0,560.0
15-813,"Leeks in cheese sauce, made with semi-skimmed milk, homemade",DR,82.0,4.0,4.6,5.5,1.4,2.6,90.0
15-814,"Leeks in cheese sauce, made with skimmed milk, homemade",DR,79.0,4.0,4.6,5.0,1.4,2.6,91.0
15-815,"Leeks in cheese sauce, made with whole milk, homemade",DR,87.0,4.0,4.5,6.0,1.2,2.5,90.0
13-625,"Leeks, boiled in unsalted water",DG,16.0,1.2,2.5,0.2,1.9,2.3,1.0
13-624,"Leeks, raw",DG,23.0,1.5,4.1,0.2,2.8,3.8,0
13-626,"Leeks, roasted in rapeseed oil",DG,41.0,1.7,4.5,1.9,3.1,4.2,0
19-602,"Lemon chicken, homemade",MR,150.0,16.9,7.1,6.2,0,3.3,50.0
17-762,Lemon curd,SC,266.0,0.6,58.4,4.9,,52.5,65.0
17-806,"Lemon curd, homemade",S,350.0,4.2,50.7,16.0,,50.7,168.0
14-277,"Lemon juice, fresh",PE,7.0,0.3,1.6,0.0,,1.6,1.0
14-278,"Lemon juice, fresh, weighed as whole fruit",FC,2.0,0.1,0.6,0.0,,0.6,0
16-380,"Lemon sole, flesh only, grilled",JA,91.0,21.5,0.0,0.6,0.0,0.0,151.0
16-379,"Lemon sole, flesh only, raw",JA,73.0,16.7,0.0,0.7,0.0,0.0,115.0
16-478,"Lemon sole, flesh only, steamed",JA,95.0,21.7,0.0,0.9,0.0,0.0,150.0
16-496,"Lemon sole, flesh only, steamed, weighed with bones and skin",JA,73.0,16.7,0.0,0.7,0.0,0.0,115.0
16-087,"Lemon sole, goujons, baked",JA,187.0,16.0,14.7,14.6,,0.9,200.0
17-179,Lemonade,PCA,22.0,0.0,5.8,0.0,0.0,5.8,7.0
17-807,"Lemonade, homemade",PCC,63.0,0.0,16.7,0.0,0.1,16.7,1.0
14-130,"Lemons, flesh only, raw, weighed with peel and pips",FA,9.0,0.5,1.4,0.2,,1.4,2.0
14-129,"Lemons, peeled, flesh only",FA,14.0,0.8,2.2,0.3,,2.2,3.0
14-128,"Lemons, whole, without pips",FA,19.0,1.0,3.2,0.3,,3.2,5.0
15-200,"Lentil and nut roast, homemade",DR,222.0,10.6,18.8,12.1,,2.7,260.0
15-201,"Lentil and nut roast, with egg, homemade",DR,218.0,10.8,17.6,12.1,,2.6,250.0
15-817,"Lentil and potato pie, homemade",DR,111.0,5.3,18.6,2.2,,1.4,312.0
15-818,"Lentil and rice roast, homemade",DR,131.0,5.1,25.2,1.8,,1.1,126.0
15-819,"Lentil and rice roast, with egg, homemade",DR,131.0,5.5,24.1,2.1,,1.1,127.0
15-820,"Lentil cutlets, fried in vegetable oil, homemade",DR,199.0,8.5,24.2,8.3,,1.2,25.0
15-821,"Lentil pie, homemade",DR,175.0,6.9,29.1,4.3,,4.2,84.0
15-198,"Lentil roast, homemade",DR,139.0,7.7,21.9,3.0,,2.5,280.0
15-199,"Lentil roast, with egg, homemade",DR,141.0,8.2,20.3,3.6,,2.3,270.0
13-661,"Lentils, green and brown, whole, dried, boiled in unsalted water",DB,92.0,7.8,14.5,0.7,7.4,0.2,0
13-089,"Lentils, green and brown, whole, dried, raw",DB,297.0,24.3,48.8,1.9,,1.2,12.0
13-658,"Lentils, red, split, dried, boiled in unsalted water",DB,102.0,8.1,16.9,0.7,6.3,0.4,0
13-657,"Lentils, red, split, dried, raw",DB,311.0,25.6,51.2,1.8,17.4,1.3,0
13-520,"Lettuce, average, raw",DG,11.0,1.2,1.4,0.1,1.5,1.4,9.0
17-201,"Lime juice cordial, diluted",PCC,22.0,0.0,6.0,0.0,,6.0,2.0
17-200,"Lime juice cordial, undiluted",PCC,112.0,0.1,29.8,0.0,0.0,29.8,8.0
14-279,"Lime juice, fresh",FC,9.0,0.4,1.6,0.1,,1.6,1.0
14-131,"Limes, flesh only",FA,9.0,0.7,0.8,0.3,,0.8,2.0
14-132,"Limes, flesh only, weighed with peel and pips",FA,6.0,0.5,0.6,0.2,,0.6,1.0
16-091,"Ling, raw",JA,82.0,18.8,0.0,0.7,,0.0,120.0
17-768,"Liqueurs, cream",QI,305.0,3.0,21.8,13.0,0.0,21.8,89.0
17-244,"Liqueurs, high strength",QI,314.0,0.0,24.4,0.0,0.0,24.4,6.0
17-245,"Liqueurs, low-medium strength",QI,262.0,0.0,32.8,0.0,0.0,32.8,12.0
17-777,Liquorice allsorts,SEC,349.0,3.7,76.7,5.2,,62.4,57.0
19-603,"Liver and bacon, fried, homemade",MR,247.0,28.9,0.0,14.7,0,0.0,347.0
19-604,"Liver and onions, stewed, homemade",MR,142.0,14.7,5.4,6.9,1.5,4.3,53.0
19-106,Liver sausage,MI,226.0,13.4,6.0,16.7,,1.0,810.0
18-410,"Liver, calf, fried in corn oil",MG,176.0,22.3,0.0,9.6,0.0,0.0,70.0
18-409,"Liver, calf, raw",MG,104.0,18.3,0.0,3.4,,0.0,71.0
18-412,"Liver, chicken, fried in corn oil",MG,169.0,22.1,0.0,8.9,0.0,0.0,79.0
18-411,"Liver, chicken, raw",MG,92.0,17.7,0.0,2.3,,0.0,76.0
18-494,"Liver, lamb, fried in corn oil",MG,237.0,30.1,0.0,12.9,0.0,0.0,82.0
18-413,"Liver, lamb, raw",MG,137.0,20.3,0.0,6.2,,0.0,73.0
18-415,"Liver, ox, raw",MG,155.0,21.1,0.0,7.8,,0.0,81.0
18-416,"Liver, ox, stewed",MG,198.0,24.8,3.6,9.5,0.0,0,110.0
18-417,"Liver, pig, raw",MG,113.0,21.3,0.0,3.1,,0.0,82.0
18-418,"Liver, pig, stewed",MG,189.0,25.6,3.6,8.1,0.0,0.0,130.0
16-332,"Lobster, boiled",JK,103.0,22.1,0.0,1.6,,0,330.0
16-343,"Lobster, boiled, weighed with shell",JK,37.0,8.0,0.0,0.6,,0,120.0
14-133,"Loganberries, raw",FA,17.0,1.1,3.4,0.0,,3.4,3.0
14-134,"Loganberries, stewed with sugar",FA,50.0,0.8,12.5,0.0,,12.5,2.0
14-135,"Loganberries, stewed without sugar",FA,14.0,0.9,2.9,0.0,,2.9,2.0
12-390,"Lollies, containing ice-cream",BP,118.0,1.4,20.9,3.8,0,20.9,31.0
12-389,"Lollies, with real fruit juice",BP,73.0,0.1,18.6,0.3,0,17.8,11.0
14-138,"Longans, canned in syrup, drained",FA,67.0,0.4,17.1,0.3,,17.0,53.0
14-139,"Longans, canned in syrup, whole contents",FA,63.0,0.3,16.5,0.2,,16.4,41.0
14-137,"Longans, flesh only, dried",FA,286.0,4.9,72.0,0.4,,71.5,48.0
14-140,"Loquats, flesh only, raw",FA,28.0,0.7,6.3,0.2,,6.3,1.0
13-271,"Lotus tubers, raw",DG,51.0,2.1,11.0,0.1,,5.5,29.0
17-761,Lucozade,PCA,60.0,0.0,16.0,0.0,0.0,11.1,26.0
19-136,"Luncheon meat, Chinese, steamed",MI,288.0,11.9,10.5,22.3,,,680.0
14-143,"Lychees, flesh only, raw, weighed with skin and stone",FA,36.0,0.5,8.9,0.1,,8.9,1.0
14-142,"Lychees, raw, flesh only",FA,58.0,0.9,14.3,0.1,,14.3,1.0
14-891,"Macadamia nuts, salted",G,748.0,7.9,4.8,77.6,,4.0,400.0
11-954,"Macaroni cheese, homemade",AD,183.0,7.8,19.8,8.6,1.1,2.8,149.0
12-951,"Macaroon, homemade",CDH,442.0,9.9,64.0,17.8,,62.0,58.0
16-394,"Mackerel, flesh only, grilled",JC,283.0,20.3,0.0,22.4,0.0,0.0,163.0
16-479,"Mackerel, flesh only, grilled, fillets weighed with bones and skin",JC,278.0,19.9,0.0,22.0,0.0,0.0,160.0
16-393,"Mackerel, flesh only, raw",JC,233.0,18.0,0.0,17.9,0.0,0.0,153.0
16-414,"Mackerel, flesh only, smoked",JC,301.0,21.1,0.0,24.1,0.0,0.0,746.0
17-651,Maltesers and similar products,SEA,476.0,7.6,63.0,23.3,1.7,55.5,156.0
14-145,"Mammie apple, flesh only",FA,60.0,0.5,14.4,0.4,,14.4,15.0
14-146,"Mandarin oranges, canned in juice, whole contents",FA,32.0,0.7,7.7,0.0,,7.7,6.0
13-273,"Mango, unripe, green flesh, raw",DG,46.0,0.5,11.2,0.2,,5.6,25.0
14-378,"Mangoes, ripe, flesh only, raw",FA,48.0,0.7,10.7,0.6,1.1,10.4,4.0
14-379,"Mangoes, ripe, flesh only, raw, weighed with skin and stone",FA,30.0,0.4,6.7,0.4,0.7,6.5,2.0
14-151,"Mangosteen, flesh only",FA,73.0,0.6,16.4,0.5,,16.1,1.0
13-835,"Marjoram, dried",H,271.0,12.7,42.5,7.0,,,77.0
17-078,Marmalade,SC,261.0,0.1,69.5,0.0,0.5,69.5,64.0
13-276,"Marrow, boiled in unsalted water",DG,9.0,0.4,1.6,0.2,,1.4,1.0
13-277,"Marrow, parwal, raw",DG,14.0,1.6,2.1,0.0,,0.8,4.0
13-274,"Marrow, raw",DG,12.0,0.5,2.2,0.2,,2.1,1.0
17-668,Mars bar and own brand equivalents,SEA,404.0,4.1,66.6,15.3,1.5,63.3,174.0
17-114,Marshmallows,SEC,327.0,3.9,83.1,0.0,0.0,64.5,29.0
14-893,"Marzipan, homemade",GA,460.0,10.4,50.1,25.7,,48.7,22.0
14-875,"Marzipan, white and yellow, retail",GA,389.0,5.3,67.6,12.7,2.4,67.6,20.0
13-588,"Matoki, boiled in unsalted water",DG,91.0,1.3,22.3,0.2,,0.6,2.0
13-279,"Matoki, raw",DG,90.0,1.2,22.3,0.2,,0.9,2.0
17-809,"Mayonnaise, homemade",WC,786.0,1.7,0.1,84.2,0,0.1,19.0
17-679,"Mayonnaise, reduced fat",WCG,288.0,1.0,8.2,28.1,0.0,4.6,
17-654,"Mayonnaise, standard, retail",WCG,686.0,1.1,2.4,74.8,0.0,2.4,131.0
15-822,"Mchicha, homemade",DR,73.0,3.6,4.0,4.7,,3.0,171.0
19-605,"Meat loaf, homemade",MR,213.0,16.6,12.7,10.9,0.4,1.5,154.0
19-326,"Meat samosas, takeaway",MR,272.0,11.4,18.9,17.3,,1.9,409.0
19-506,Meat spread,MI,192.0,15.7,2.3,13.4,2.2,0.2,580.0
19-613,"Meatballs, pork and beef, in tomato sauce, homemade",MR,123.0,10.0,4.6,7.2,0.9,2.8,60.0
14-152,"Medlars, flesh only",FA,42.0,0.5,10.6,0.0,,10.6,6.0
14-826,Melon seeds,GA,583.0,28.5,9.9,47.7,,,99.0
14-339,"Melon, Canteloupe-type, flesh only",FA,19.0,0.6,4.2,0.1,1.8,4.2,8.0
14-352,"Melon, Canteloupe-type, flesh only, weighed whole",FA,12.0,0.4,2.5,0.1,1.1,2.5,5.0
14-353,"Melon, Canteloupe-type, flesh only, weighed with skin",FA,13.0,0.4,2.8,0.1,1.2,2.8,5.0
14-354,"Melon, flesh only, average",FA,24.0,0.5,5.5,0.1,1.3,5.5,17.0
14-355,"Melon, flesh only, average, weighed whole",FA,15.0,0.3,3.5,0.1,0.8,3.5,11.0
14-356,"Melon, flesh only, average, weighed with skin",FA,16.0,0.3,3.7,0.1,0.9,3.7,11.0
14-159,"Melon, Galia, flesh only",FA,24.0,0.5,5.6,0.1,,5.6,31.0
14-160,"Melon, Galia, flesh only, weighed whole",FA,16.0,0.3,3.6,0.1,,3.6,20.0
14-161,"Melon, Galia, flesh only, weighed with skin",FA,16.0,0.3,3.8,0.1,,3.8,21.0
14-357,"Melon, Honeydew, flesh only, weighed whole",FA,17.0,0.3,4.0,0.1,0.4,4.0,6.0
14-358,"Melon, Honeydew, flesh only, weighed with skin",FA,18.0,0.3,4.3,0.1,0.4,4.3,7.0
14-296,"Melon, watermelon, flesh only",FA,31.0,0.5,7.1,0.3,,7.1,2.0
14-309,"Melon, watermelon, flesh only, weighed whole",FA,18.0,0.3,4.0,0.2,,4.0,1.0
14-328,"Melon, yellow flesh, flesh only",FA,29.0,0.5,6.8,0.1,0.7,6.8,11.0
12-517,"Meringue, homemade",BR,385.0,6.3,96.0,0.0,0.0,96.0,113.0
12-585,"Meringue, with cream, homemade",BR,331.0,2.9,27.2,24.2,0.0,27.2,45.0
15-628,"Methi aloo, homemade",DR,142.0,2.7,10.1,10.4,2.9,1.5,537.0
11-1091,"Milk bread, homemade",AF,289.0,8.8,50.8,7.0,2.0,2.1,76.0
12-513,"Milk drink, fermented, with probiotics",BH,70.0,3.0,12.7,1.2,0.1,12.3,20.0
17-733,"Milk shake, powder",PAA,388.0,1.3,98.3,1.6,0.0,98.3,20.0
12-589,"Milk shake, powder, made up with semi-skimmed milk",BH,70.0,3.3,11.2,1.7,0.0,11.2,41.0
12-590,"Milk shake, powder, made up with skimmed milk",BH,59.0,3.3,11.3,0.3,0.0,11.3,43.0
12-591,"Milk shake, powder, made up with whole milk",BH,86.0,3.3,11.1,3.5,0.0,11.1,40.0
12-512,"Milk, 1% fat, pasteurised",BA,41.0,3.5,4.8,1.0,0.0,4.8,44.0
12-321,"Milk, Channel Islands, whole, pasteurised",BAB,72.0,3.5,4.3,4.7,0.0,4.3,39.0
12-322,"Milk, Channel islands, whole, summer",BAB,73.0,3.9,4.1,4.7,0.0,4.1,39.0
12-323,"Milk, Channel islands, whole, winter",BAB,72.0,3.2,4.4,4.7,0.0,4.4,39.0
12-520,"Milk, condensed, whole, sweetened",BAR,310.0,7.4,55.5,8.0,0.0,55.5,90.0
12-324,"Milk, evaporated, light",BAR,107.0,7.8,10.3,4.1,0.0,10.3,115.0
12-522,"Milk, evaporated, whole",BAR,166.0,8.4,12.7,9.4,0.0,12.7,180.0
12-535,"Milk, flavoured, pasteurised, chocolate",BAR,72.0,3.6,11.7,1.5,0.0,11.0,45.0
12-326,"Milk, flavoured, pasteurised, strawberry, banana",BAR,64.0,3.6,9.6,1.5,0.0,8.9,52.0
12-328,"Milk, goats, pasteurised",BC,62.0,3.1,4.4,3.7,0.0,4.4,42.0
12-038,"Milk, human, colostrum",BC,56.0,2.0,6.6,2.6,,6.6,47.0
12-536,"Milk, human, mature",BC,69.0,1.3,7.2,4.1,0.0,7.2,15.0
12-039,"Milk, human, transitional",BC,67.0,1.5,6.9,3.7,,6.9,30.0
12-313,"Milk, semi-skimmed, pasteurised, average",BAH,46.0,3.5,4.7,1.7,0.0,4.7,43.0
12-418,"Milk, semi-skimmed, pasteurised, summer and autumn",BAH,46.0,3.5,4.5,1.7,0.0,4.5,43.0
12-419,"Milk, semi-skimmed, pasteurised, winter and spring",BAH,47.0,3.4,4.9,1.7,0.0,4.9,43.0
12-314,"Milk, semi-skimmed, UHT",BAH,46.0,3.3,4.9,1.6,0.0,4.9,50.0
12-329,"Milk, sheeps, raw",BC,93.0,5.4,5.1,5.8,0.0,5.1,44.0
12-521,"Milk, skimmed, dried, fortified",BAR,348.0,36.1,52.9,0.6,0.0,52.9,550.0
12-307,"Milk, skimmed, pasteurised, average",BAE,34.0,3.5,4.8,0.3,0.0,4.8,44.0
12-308,"Milk, skimmed, pasteurised, summer",BAE,32.0,3.5,4.4,0.2,,4.4,49.0
12-309,"Milk, skimmed, pasteurised, winter",BAE,32.0,3.5,4.2,0.2,0.0,4.2,42.0
12-554,"Milk, skimmed, UHT",BAE,33.0,3.4,4.9,0.1,0.0,4.9,40.0
12-523,"Milk, soya, non-dairy alternative to milk, sweetened, fortified",BC,43.0,3.1,2.5,2.4,0.5,2.2,56.0
12-524,"Milk, soya, non-dairy alternative to milk, unsweetened, fortified",BC,26.0,2.4,0.5,1.6,0.5,0.2,0
12-596,"Milk, whole, pasteurised, average",BAK,63.0,3.4,4.6,3.6,0.0,4.6,42.0
12-598,"Milk, whole, pasteurised, summer and autumn",BAK,61.0,3.4,4.1,3.6,0.0,4.1,45.0
12-597,"Milk, whole, pasteurised, winter and spring",BAK,64.0,3.3,5.0,3.6,0.0,5.0,40.0
12-320,"Milk, whole, UHT",BAK,66.0,3.2,4.8,3.9,0.0,4.8,55.0
12-327,"Milkshake, thick, takeaway",BAR,88.0,3.7,15.3,1.8,0,11.1,57.0
17-669,Milky Way and own brand equivalents,SEA,444.0,3.8,76.6,15.7,1.0,69.7,220.0
11-1092,"Mince pies, homemade, individual",AP,436.0,4.2,55.5,23.5,,29.0,162.0
11-848,"Mince pies, retail",AS,377.0,3.8,60.7,14.9,2.6,35.5,101.0
17-765,Mincemeat,SC,274.0,0.6,62.1,4.3,,62.1,18.0
17-852,"Mincemeat, vegetarian, homemade",S,306.0,1.7,43.8,9.5,,42.5,60.0
11-825,"Minibreads, toasted, retail",AM,423.0,10.5,68.9,13.6,4.2,3.3,865.0
17-707,Mint sauce,WCN,101.0,1.6,21.5,0.0,,21.5,480.0
17-811,"Mint sauce, homemade",WC,85.0,0.8,19.4,0.1,,,5.0
13-837,"Mint, dried",H,279.0,24.8,34.6,4.6,,,98.0
13-836,"Mint, fresh",H,43.0,3.8,5.3,0.7,,,15.0
13-884,"Mixed herbs, dried",H,261.0,12.1,36.3,8.5,,,81.0
17-059,Molasses,SC,266.0,0.0,68.8,0.1,,59.4,37.0
16-093,"Monkfish, flesh only, grilled",JA,96.0,22.7,0.0,0.6,,0.0,26.0
16-094,"Monkfish, flesh only, grilled, weighed with bones",JA,74.0,17.5,0.0,0.4,,0.0,20.0
16-092,"Monkfish, flesh only, raw",JA,66.0,15.7,0.0,0.4,,0.0,18.0
11-912,"Mooli paratha, homemade",AF,171.0,5.9,33.8,2.3,4.8,1.8,395.0
19-609,"Moussaka, homemade",MR,128.0,8.5,4.5,8.0,,2.7,72.0
19-507,"Moussaka, retail, reheated",MR,140.0,8.3,8.6,8.3,1.9,2.0,280.0
15-734,"Moussaka, vegetable, homemade",DR,133.0,4.4,8.7,8.6,,2.4,68.0
15-652,"Moussaka, vegetable, retail",DR,98.0,5.9,8.0,4.9,,4.5,210.0
12-401,"Mousse, chocolate, low fat",BR,123.0,5.5,18.0,3.7,,15.8,69.0
12-402,"Mousse, fruit",BR,143.0,4.5,18.0,6.4,,18.0,62.0
11-781,"Muesli, Swiss style, no added sugar or salt, unfortified",AI,357.0,9.8,70.7,5.9,8.5,13.0,66.0
11-780,"Muesli, Swiss style, unfortified",AI,366.0,9.2,72.6,6.3,8.8,21.3,138.0
11-1094,"Muffins, American style, chocolate chip, homemade",AN,384.0,6.3,53.6,17.5,1.3,28.2,263.0
11-737,"Muffins, American, chocolate, retail",AN,436.0,5.5,49.5,25.4,1.0,30.9,396.0
11-738,"Muffins, American, not chocolate, retail",AN,375.0,5.0,47.8,19.5,1.8,27.7,250.0
11-1095,"Muffins, bran, homemade",AP,263.0,8.2,44.5,7.0,9.2,17.3,351.0
11-541,"Muffins, English style, white",AP,223.0,10.0,44.2,1.9,2.6,3.4,431.0
11-542,"Muffins, English style, white, toasted",AP,261.0,11.3,51.0,2.7,3.0,3.8,493.0
14-168,"Mulberries, whole fruit, raw",FA,36.0,1.3,8.1,0.0,,8.1,2.0
14-169,"Mulberries, whole fruit, stewed with sugar",FA,65.0,1.0,16.2,0.0,,16.2,1.0
14-170,"Mulberries, whole fruit, stewed without sugar",FA,30.0,1.1,6.9,0.0,,6.9,1.0
16-096,"Mullet, Grey, flesh only, grilled",JA,150.0,25.7,0.0,5.2,,0.0,84.0
16-095,"Mullet, Grey, flesh only, raw",JA,115.0,19.8,0.0,4.0,,0.0,65.0
16-097,"Mullet, Grey, grilled, weighed with bones and skin",JA,82.0,14.1,0.0,2.9,,0.0,46.0
16-099,"Mullet, Red, flesh only, grilled",JA,121.0,20.4,0.0,4.4,,0.0,110.0
16-100,"Mullet, Red, flesh only, grilled, weighed with bones and skin",JA,57.0,9.6,0.0,2.1,,0.0,50.0
16-098,"Mullet, Red, flesh only, raw",JA,109.0,18.7,0.0,3.8,,0.0,91.0
17-416,"Mushroom, dried",DI,159.0,21.8,4.8,6.0,,3.6,60.0
13-288,"Mushrooms, Chinese, dried, raw",DG,284.0,10.0,59.9,1.8,,,38.0
13-289,"Mushrooms, Jew's ear, tender, dried, raw",DG,279.0,6.9,62.4,1.0,,,63.0
13-290,"Mushrooms, Jew's ear, tender, dried, soaked, raw",DG,29.0,0.7,5.7,0.7,,,1.0
13-291,"Mushrooms, Jew's ear, tough, dried, raw",DG,325.0,4.8,68.7,2.0,,,130.0
13-292,"Mushrooms, Jew's ear, tough, dried, soaked, raw",DG,76.0,1.1,15.1,0.2,,,35.0
13-293,"Mushrooms, oyster, raw",DG,8.0,1.6,0.0,0.2,,0,77.0
13-295,"Mushrooms, shiitake, cooked",DG,55.0,1.6,12.3,0.2,,,4.0
13-294,"Mushrooms, shiitake, dried, raw",DG,296.0,9.6,63.9,1.0,,,13.0
13-546,"Mushrooms, white, fried in corn oil",DG,106.0,1.4,0.4,11.0,1.0,0.4,6.0
13-507,"Mushrooms, white, fried in rapeseed oil",DG,106.0,1.4,0.4,11.0,1.0,0.4,6.0
13-545,"Mushrooms, white, fried in salted butter",DG,106.0,1.4,0.4,11.0,1.0,0.4,150.0
13-505,"Mushrooms, white, raw",DG,7.0,1.0,0.3,0.2,0.7,0.3,4.0
13-506,"Mushrooms, white, stewed in unsalted water",DG,9.0,1.4,0.1,0.3,2.6,0,3.0
16-411,"Mussels in white wine sauce, cooked",JM,82.0,9.7,3.7,3.2,0,0.8,608.0
16-390,"Mussels, purchased cooked",JM,104.0,17.7,3.5,2.2,0.0,0,401.0
16-497,"Mussels, raw",JM,74.0,12.1,2.5,1.8,0.0,0,290.0
13-297,"Mustard and cress, raw",DG,13.0,1.6,0.4,0.6,,0.4,19.0
13-299,"Mustard leaves, boiled in unsalted water",DG,17.0,2.0,1.9,0.2,,0.5,16.0
13-298,"Mustard leaves, raw",DG,27.0,2.5,3.6,0.3,,0.8,25.0
17-362,Mustard powder,WY,452.0,28.9,20.7,28.7,,,5.0
17-363,"Mustard, powder, made up",WY,226.0,14.5,10.4,14.4,,,3.0
17-364,"Mustard, smooth",WY,139.0,7.1,9.7,8.2,,7.8,2950.0
17-365,"Mustard, wholegrain",WY,140.0,8.2,4.2,10.2,,3.9,1620.0
14-380,"Nectarines, flesh and skin, raw",FA,43.0,1.0,9.8,0.3,1.3,9.8,0
14-381,"Nectarines, flesh and skin, raw, weighed with stones",FA,40.0,0.9,9.0,0.3,1.2,9.0,0
11-719,"Noodles, egg, dried, raw",AD,338.0,12.0,72.6,2.0,,1.7,500.0
11-941,"Noodles, egg, fine, dried, boiled in unsalted water",AD,129.0,4.7,27.5,0.8,2.3,0,109.0
11-1096,"Noodles, egg, fried with spring onions, homemade",AD,244.0,5.0,30.5,12.2,,0.2,120.0
11-724,"Noodles, egg, medium, dried, boiled in unsalted water",AD,166.0,5.8,35.7,1.0,3.0,0,141.0
11-942,"Noodles, egg, thick, dried, boiled in unsalted water",AD,143.0,5.0,30.7,0.9,2.6,0,121.0
11-725,"Noodles, rice, fine, dried, boiled in unsalted water",AD,89.0,1.9,21.3,0.2,1.1,0,4.0
17-814,"Nougat, homemade",SEC,413.0,5.2,80.0,10.2,1.1,79.6,115.0
15-216,"Nut and rice roast, mixed nuts with egg, homemade",DR,333.0,12.1,23.5,21.9,,2.7,420.0
15-215,"Nut and rice roast, mixed nuts, homemade",DR,346.0,12.0,25.2,22.6,,2.9,440.0
15-218,"Nut and seed roast, mixed nuts and sunflower seeds with egg, homemade",DR,335.0,13.0,18.1,23.9,,2.7,300.0
15-217,"Nut and seed roast, mixed nuts and sunflower seeds, homemade",DR,349.0,12.9,19.6,24.9,,2.9,310.0
15-220,"Nut and vegetable roast, mixed nuts with egg, homemade",DR,304.0,11.3,18.3,21.2,,3.6,290.0
15-219,"Nut and vegetable roast, mixed nuts, homemade",DR,314.0,11.1,19.6,21.9,,3.8,300.0
15-208,"Nut croquettes, fried in sunflower oil, homemade",DR,351.0,9.3,21.6,26.2,,2.5,220.0
15-209,"Nut croquettes, fried in vegetable oil, homemade",DR,351.0,9.3,21.6,26.2,,2.5,220.0
15-210,"Nut cutlets, retail, fried in sunflower oil",DR,289.0,4.8,18.7,22.3,,1.3,210.0
15-211,"Nut cutlets, retail, fried in vegetable oil",DR,289.0,4.8,18.7,22.3,,1.3,210.0
15-212,"Nut cutlets, retail, grilled",DR,212.0,5.1,19.9,13.0,,1.4,220.0
15-643,"Nut roast, homemade",DR,335.0,13.2,18.8,23.5,,4.1,154.0
15-214,"Nut roast, mixed nuts with egg, homemade",DR,338.0,13.3,16.9,24.7,,3.0,330.0
15-221,"Nut, mushroom and rice roast, homemade",DR,260.0,7.8,24.3,15.3,,2.8,290.0
14-880,"Nuts, mixed",GA,581.0,23.8,11.6,49.1,,5.6,5.0
11-1100,"Oatcakes, homemade",AM,411.0,9.5,61.4,15.9,6.8,0.3,175.0
11-823,"Oatcakes, plain, retail",AM,453.0,9.3,62.8,20.0,9.4,3.2,796.0
16-259,"Octopus, raw",JM,83.0,17.9,0.0,1.3,,0,
17-031,"Oil, coconut",OC,899.0,0.0,0.0,99.9,0.0,0.0,0
17-488,"Oil, cod liver",OC,899.0,0.0,0.0,99.9,0.0,0.0,0
17-033,"Oil, corn",OC,899.0,0.0,0.0,99.9,0.0,0.0,0
17-034,"Oil, cottonseed",OC,891.0,0.0,0.0,99.0,,0.0,0
17-035,"Oil, evening primrose",OC,899.0,0.0,0.0,99.9,0.0,0.0,0
17-036,"Oil, grapeseed",OC,899.0,0.0,0.0,99.9,0.0,0.0,0
17-037,"Oil, hazelnut",OC,899.0,0.0,0.0,99.9,,0.0,0
17-038,"Oil, olive",OC,899.0,0.0,0.0,99.9,0.0,0.0,0
17-039,"Oil, palm",OC,899.0,0.0,0.0,99.9,0.0,0.0,0
17-040,"Oil, peanut (groundnut)",OC,899.0,0.0,0.0,99.9,0.0,0.0,0
17-041,"Oil, rapeseed",OC,899.0,0.0,0.0,99.9,0.0,0.0,0
17-042,"Oil, safflower",OC,899.0,0.0,0.0,99.9,,0.0,0
17-043,"Oil, sesame",OC,898.0,0.2,0.0,99.7,0.0,0.0,2.0
17-044,"Oil, soya",OC,899.0,0.0,0.0,99.9,0.0,0.0,0
17-045,"Oil, sunflower",OC,899.0,0.0,0.0,99.9,0.0,0.0,0
17-686,"Oil, vegetable, average",OC,899.0,0.0,0.0,99.9,0.0,0.0,0
17-047,"Oil, walnut",OC,899.0,0.0,0.0,99.9,0.0,0.0,0
17-048,"Oil, wheatgerm",OC,899.0,0.0,0.0,99.9,,0.0,0
15-824,"Okra with tomatoes and onion, Greek, homemade",DR,180.0,2.8,5.0,16.7,,4.2,8.0
15-825,"Okra with tomatoes and onion, West Indian, homemade",DR,98.0,3.0,4.7,7.7,,4.0,25.0
13-652,"Okra, boiled in unsalted water",DG,16.0,1.8,1.9,0.2,3.1,1.4,5.0
13-300,"Okra, raw",DG,31.0,2.8,3.0,1.0,,2.5,8.0
13-302,"Okra, stir-fried in corn oil",DG,269.0,4.3,4.4,26.1,,3.6,13.0
14-340,"Olives, green, in brine, drained, flesh and skin",FA,103.0,0.9,0.0,11.0,,0,1330.0
14-359,"Olives, green, in brine, drained, flesh and skin, weighed with stones",FA,82.0,0.7,0.0,8.8,,0,1064.0
12-947,"Omelette, cheese, homemade",CD,268.0,15.9,0.0,22.7,0.0,0,337.0
12-956,"Omelette, curried, homemade",CDE,370.0,8.4,3.5,36.0,,1.4,384.0
12-946,"Omelette, plain, homemade",CD,191.0,10.9,0.0,16.4,0.0,0,136.0
12-957,"Omelette, Spanish, homemade",CD,112.0,5.6,5.9,7.6,,3.2,55.0
17-815,"Onion sauce, made with semi-skimmed milk, homemade",WCD,88.0,3.0,9.0,4.7,1.0,4.8,65.0
17-816,"Onion sauce, made with skimmed milk, homemade",WCD,80.0,3.1,9.0,3.8,1.0,4.8,66.0
17-817,"Onion sauce, made with whole milk, homemade",WCD,91.0,3.3,7.8,5.5,0.7,4.8,59.0
13-589,"Onions, baked",DG,43.0,1.2,9.9,0.2,2.7,7.7,4.0
13-500,"Onions, boiled in unsalted water",DG,25.0,0.7,5.4,0.3,2.3,4.2,2.0
13-590,"Onions, dried, raw",DG,309.0,8.8,70.2,1.2,19.3,54.4,100.0
13-611,"Onions, fried in butter",D,95.0,1.2,11.2,5.3,3.0,8.6,
13-592,"Onions, fried in corn oil",DG,95.0,1.2,11.2,5.3,3.0,8.6,4.0
13-593,"Onions, fried in lard",DG,95.0,1.2,11.2,5.3,3.0,8.6,3.0
13-591,"Onions, fried in rapeseed oil",DG,95.0,1.2,11.2,5.3,3.0,8.6,4.0
13-501,"Onions, fried in sunflower oil",DG,95.0,1.2,11.2,5.3,3.0,8.6,4.0
13-309,"Onions, pickled, drained",DG,24.0,0.9,4.9,0.2,1.6,3.5,450.0
13-499,"Onions, raw",DG,35.0,1.0,8.0,0.1,2.2,6.2,3.0
14-330,"Orange juice, ambient, UHT",FC,34.0,0.6,8.5,0.0,0,8.5,3.0
14-329,"Orange juice, chilled",FC,36.0,0.9,8.6,0.0,0,8.6,1.0
14-369,"Orange juice, freshly squeezed",FC,33.0,0.6,8.1,0.0,,8.1,2.0
14-370,"Orange juice, freshly squeezed, weighed as whole fruit",FC,15.0,0.3,3.7,0.0,0,3.7,1.0
16-199,"Orange roughy, raw",JC,126.0,14.7,0.0,7.0,,0.0,77.0
14-327,"Oranges, flesh only",FA,36.0,0.8,8.2,0.2,1.2,8.2,1.0
14-360,"Oranges, flesh only, weighed with peel and pips",FA,27.0,0.8,5.8,0.2,1.2,5.8,0
14-177,"Ortaniques, flesh only",FA,49.0,1.0,11.7,0.2,,11.7,5.0
17-818,"Ovaltine powder, made up with semi-skimmed milk",PAA,81.0,3.9,13.4,1.7,0.5,9.5,51.0
17-819,"Ovaltine powder, made up with skimmed milk",PAA,70.0,3.9,13.5,0.4,0.5,9.6,53.0
17-820,"Ovaltine powder, made up with whole milk",PAA,96.0,3.8,13.3,3.4,0.5,9.4,51.0
17-734,"Ovaltine, powder",PAA,358.0,7.3,83.1,1.9,4.3,48.3,120.0
18-420,"Oxtail, meat only, stewed with added salt",MG,243.0,30.5,0.0,13.4,,0.0,190.0
50-494,"Oxtail, meat only, stewed, weighed with fat and bones",MG,92.0,11.6,0.0,5.1,,0.0,72.0
18-419,"Oxtail, raw",MG,171.0,20.0,0.0,10.1,,0.0,110.0
16-260,"Oysters, raw",JM,65.0,10.8,2.7,1.3,,0,510.0
16-261,"Oysters, raw, weighed with shells",JM,9.0,1.5,0.4,0.2,,0,71.0
13-516,"Pak choi, steamed",DG,14.0,1.5,1.9,0.1,2.0,1.5,39.0
15-620,"Pakora, vegetable, takeaway and restaurant",DR,293.0,8.4,16.5,22.0,3.3,1.5,479.0
15-826,"Pakora/bhajia, aubergine, fried in vegetable oil, homemade",DR,294.0,7.9,17.2,22.5,,2.1,18.0
15-827,"Pakora/bhajia, cauliflower, fried in vegetable oil, homemade",DR,320.0,9.2,18.2,23.9,4.7,2.8,22.0
15-828,"Pakora/bhajia, onion, fried in vegetable oil, homemade",DR,270.0,11.2,24.6,14.7,5.7,3.4,15.0
15-829,"Pakora/bhajia, potato and cauliflower, fried in vegetable oil, homemade",DR,325.0,8.6,23.9,22.3,4.0,2.0,6.0
15-830,"Pakora/bhajia, potato, carrot and pea, fried in vegetable oil, homemade",DR,355.0,12.5,28.9,22.7,6.1,1.9,17.0
15-831,"Pakora/bhajia, potato, fried in vegetable oil, homemade",DR,315.0,9.2,28.4,19.6,5.0,1.4,24.0
15-832,"Pakora/bhajia, spinach, fried in vegetable oil, homemade",DR,360.0,14.6,30.0,22.2,,1.9,91.0
15-653,"Pakora/bhajia, vegetable, retail",DR,238.0,6.4,21.4,14.7,,2.4,430.0
11-1101,"Pakoras, homemade",AT,173.0,8.1,19.7,8.1,,2.1,63.0
11-922,"Pancakes (served with crispy duck), pancakes only, takeaway",AT,305.0,7.8,53.3,7.9,,5.2,121.0
11-959,"Pancakes, savoury, made with semi-skimmed milk, homemade",AT,203.0,6.9,26.6,8.4,1.1,3.8,53.0
11-1102,"Pancakes, savoury, made with skimmed milk, homemade",AT,193.0,6.9,26.7,7.3,1.1,3.9,55.0
11-1103,"Pancakes, savoury, wholemeal, made with whole milk, homemade",AT,209.0,7.6,23.4,10.1,2.9,4.0,53.0
15-645,"Pancakes, stuffed with vegetables, homemade",DR,113.0,4.1,15.8,4.2,1.2,4.4,29.0
15-833,"Pancakes, stuffed with vegetables, wholemeal, homemade",DR,115.0,4.4,14.2,5.0,2.1,4.5,29.0
11-1143,"Pancakes, sweet, made with semi skimmed milk, homemade",AS,234.0,6.3,37.9,7.4,1.0,17.0,51.0
11-1141,"Pancakes, sweet, made with skimmed milk, homemade",AS,234.0,6.3,37.9,7.4,1.0,17.0,51.0
11-1142,"Pancakes, sweet, made with whole milk, homemade",AS,254.0,6.3,37.8,9.7,1.0,16.9,49.0
16-432,"Pangasius, flesh only, baked",JA,109.0,21.8,0.0,2.3,0.0,0.0,299.0
16-433,"Pangasius, flesh only, poached",JA,102.0,20.5,0.0,2.2,0.0,0.0,280.0
16-382,"Pangasius, flesh only, raw",JA,74.0,14.9,0.0,1.6,0.0,0.0,204.0
11-998,"Papadums, takeaway",AF,501.0,11.5,28.3,38.8,6.3,0,
14-390,"Papaya, flesh only, raw",FA,44.0,0.7,9.5,0.6,1.8,9.5,14.0
14-397,"Papaya, flesh only, raw, weighed with skin and pips",FA,27.0,0.4,5.7,0.4,1.1,5.7,8.0
13-311,"Papaya, unripe, green flesh, raw",DG,27.0,0.9,5.5,0.1,,,15.0
11-1104,"Paratha, homemade",AF,333.0,7.8,45.8,14.4,4.9,0.7,118.0
16-101,"Parrot fish, raw",JA,83.0,19.9,0.0,0.4,,0.0,82.0
13-845,"Parsley, dried",H,181.0,15.8,14.5,7.0,,12.4,180.0
13-844,"Parsley, fresh",H,34.0,3.0,2.7,1.3,,2.3,33.0
13-631,"Parsnip, boiled in unsalted water",DG,66.0,1.2,14.7,0.7,2.6,4.3,3.0
13-312,"Parsnip, raw",DG,64.0,1.8,12.5,1.1,4.7,5.7,10.0
13-632,"Parsnip, roasted in rapeseed oil",DG,158.0,2.4,28.8,4.5,5.1,8.4,6.0
18-381,"Partridge, meat only, roasted",MCI,212.0,36.7,0.0,7.2,,0.0,100.0
18-382,"Partridge, meat only, roasted, weighed with bone",MCI,127.0,22.0,0.0,4.3,,0.0,60.0
14-285,Passion fruit juice,FC,47.0,0.8,10.7,0.1,,10.7,19.0
14-178,"Passion fruit, flesh and pips",FA,36.0,2.6,5.8,0.4,,5.8,19.0
14-179,"Passion fruit, flesh and pips, weighed with skin",FA,22.0,1.7,3.5,0.2,,3.5,12.0
11-734,"Pasta and sauce mixes, dried, raw",AD,358.0,12.8,70.0,4.9,4.5,8.1,1165.0
11-717,"Pasta shapes, coloured, flavoured, dried, raw",AD,341.0,11.0,75.4,1.6,5.5,2.3,8.0
19-611,"Pasta with ham and mushroom sauce, homemade",MR,132.0,5.7,16.2,5.3,1.2,1.0,96.0
19-483,"Pasta with meat and tomato sauce, homemade",MR,140.0,6.6,20.4,4.1,2.1,1.9,90.0
11-729,"Pasta, egg, fresh, filled with cheese and tomato, boiled in unsalted water",AD,193.0,8.7,28.1,5.9,2.3,0.2,210.0
11-728,"Pasta, egg, fresh, filled with cheese only, boiled in unsalted water",AD,216.0,10.5,30.2,6.7,2.2,2.2,242.0
11-731,"Pasta, egg, fresh, filled with green vegetables/herbs and cheese, boiled in unsalted water",AD,195.0,8.7,28.7,5.8,1.6,0.1,239.0
11-732,"Pasta, egg, fresh, filled with meat, boiled in unsalted water",AD,200.0,10.1,31.3,4.7,1.9,1.0,298.0
11-730,"Pasta, egg, fresh, filled with mushrooms, boiled in unsalted water",AD,173.0,8.1,27.1,4.3,1.9,0.7,212.0
11-726,"Pasta, egg, fresh, raw",AD,282.0,10.6,57.0,2.9,3.3,2.1,24.0
11-715,"Pasta, egg, white, dried, raw",AD,365.0,12.9,74.8,3.6,3.9,2.1,51.0
11-727,"Pasta, egg, white, tagliatelle, fresh, boiled in unsalted water",AD,152.0,5.8,30.6,1.6,2.0,0,9.0
11-450,"Pasta, plain, fresh, boiled",AD,159.0,6.6,31.8,1.5,,0.6,16.0
11-736,"Pasta, ravioli, meat filling, canned in tomato sauce",AD,77.0,2.3,14.8,1.4,1.1,3.4,260.0
11-735,"Pasta, spaghetti, canned, in tomato sauce",AD,72.0,2.1,16.2,0.3,0.9,5.5,190.0
11-720,"Pasta, white,  twists, fusilli, dried, boiled in unsalted water",AD,146.0,4.8,32.9,0.4,2.6,0.6,5.0
11-1129,"Pasta, white, dried, boiled in unsalted water",AD,169.0,5.5,37.2,0.8,2.5,1.1,1.0
11-716,"Pasta, white, dried, raw",AD,343.0,11.3,75.6,1.6,,2.1,2.0
11-722,"Pasta, white, spaghetti, dried, boiled in unsalted water",AD,141.0,4.4,31.5,0.6,1.7,1.0,3.0
11-721,"Pasta, white, twists, fusilli, dried, boiled in salted water",AD,150.0,5.0,32.9,0.7,2.6,0.6,174.0
11-723,"Pasta, wholewheat, spaghetti, dried, boiled in unsalted water",AD,134.0,5.2,27.5,1.1,4.2,0,5.0
11-718,"Pasta, wholewheat, spaghetti, dried, raw",AD,329.0,12.6,68.3,2.5,11.7,3.9,3.0
15-835,Pastichio,DR,150.0,7.0,17.2,6.3,,2.8,89.0
11-230,"Pastries, Asian",AP,538.0,6.3,43.0,39.1,,22.6,190.0
11-844,"Pastries, chocolate eclairs, cream filled, retail",AP,387.0,6.1,28.2,28.5,1.4,24.0,125.0
11-1064,"Pastries, chocolate eclairs, fresh, homemade",AP,381.0,4.1,38.0,24.7,,26.0,86.0
11-843,"Pastries, cream filled, retail",AP,415.0,3.3,41.4,27.4,2.9,27.3,205.0
11-841,"Pastries, Danish, retail",AP,446.0,4.9,43.6,29.2,2.1,17.3,233.0
11-842,"Pastries, Greek, baklava, retail",AP,456.0,6.7,54.1,25.1,2.0,29.0,163.0
11-992,"Pastry, cheese, shortcrust, homemade",AO,491.0,13.2,39.2,32.4,1.9,0.5,394.0
11-1049,"Pastry, choux, cooked, homemade",AO,313.0,8.4,31.1,18.1,1.5,0.2,204.0
11-1048,"Pastry, choux, uncooked, homemade",AO,203.0,5.5,20.2,11.8,1.0,0.2,132.0
11-856,"Pastry, filo, retail, cooked",AO,363.0,10.0,77.1,3.8,4.5,3.1,460.0
11-855,"Pastry, filo, retail, uncooked",AO,278.0,7.6,58.9,2.9,3.4,2.4,350.0
11-1139,"Pastry, flaky, cooked, homemade",AO,540.0,5.7,48.3,37.4,2.4,0.6,326.0
11-1140,"Pastry, flaky, uncooked, homemade",AO,409.0,4.3,36.6,28.3,1.8,0.5,247.0
11-854,"Pastry, flaky/puff, retail, cooked",AO,486.0,6.7,42.8,33.2,3.5,1.9,427.0
11-852,"Pastry, flaky/puff, retail, uncooked",AO,384.0,5.3,33.7,26.2,2.8,1.5,337.0
11-1052,"Pastry, shortcrust, cooked, homemade",AO,509.0,6.6,57.1,29.9,2.8,0.6,258.0
11-853,"Pastry, shortcrust, retail, cooked",AO,547.0,6.9,47.5,37.9,4.1,1.0,271.0
11-851,"Pastry, shortcrust, retail, uncooked",AO,453.0,5.7,39.4,31.4,3.4,0.9,224.0
11-1017,"Pastry, shortcrust, uncooked, homemade",AO,435.0,5.7,48.8,25.5,2.4,0.5,222.0
11-961,"Pastry, wholemeal, cooked, homemade",AO,487.0,8.3,48.9,30.0,7.1,1.2,257.0
11-1010,"Pastry, wholemeal, uncooked, homemade",AO,421.0,7.2,42.3,25.9,6.1,1.0,222.0
15-646,"Pasty, vegetable, homemade",DR,301.0,4.2,30.0,19.1,2.8,1.8,138.0
15-836,"Pasty, vegetable, wholemeal, homemade",DR,272.0,4.9,30.7,15.2,,1.9,131.0
19-317,"Pate, liver",MI,349.0,12.6,1.2,32.7,0.6,0.4,750.0
19-145,"Pate, meat, reduced fat",MI,191.0,18.0,3.0,12.0,0.8,1.3,710.0
16-451,"Pate, tuna",JR,312.0,16.2,1.5,26.8,0.7,0.4,390.0
13-315,"Patra leaves, raw",DG,39.0,4.0,2.6,1.5,,2.2,1.0
12-475,"Pavlova, toffee/chocolate, no fruit",BR,370.0,3.8,47.4,19.7,1.1,45.3,67.0
12-552,"Pavlova, with fruit and cream",BR,244.0,2.7,42.2,8.3,1.9,41.0,41.0
12-594,"Peach melba, homemade",BP,170.0,1.7,18.1,10.5,,14.9,40.0
14-188,"Peaches, canned in juice, whole contents",FA,39.0,0.6,9.7,0.0,,9.7,12.0
14-189,"Peaches, canned in syrup, whole contents",FA,55.0,0.5,14.0,0.0,,14.0,4.0
14-312,"Peaches, flesh and skin, raw, weighed with stone",FA,30.0,0.9,6.8,0.1,,6.8,1.0
14-299,"Peaches, raw, flesh and skin",FA,33.0,1.0,7.6,0.1,,7.6,1.0
17-116,"Peanut brittle, homemade",SEC,483.0,8.6,73.8,19.0,,71.8,110.0
14-892,"Peanut butter, smooth",GA,607.0,22.8,13.1,51.8,6.6,6.7,350.0
14-882,Peanuts and raisins,GA,436.0,15.4,37.5,25.9,,34.0,28.0
14-878,"Peanuts, dry roasted",GA,590.0,25.7,10.3,49.8,7.6,3.8,790.0
14-877,"Peanuts, kernel only, plain, unsalted",GA,564.0,25.8,12.5,46.0,,6.2,2.0
14-886,"Peanuts, kernel only, plain, weighed with shells",GA,389.0,17.7,8.6,31.8,,4.3,1.0
14-894,"Peanuts, raisins and chocolate chips",GA,445.0,12.4,44.4,25.4,,42.0,45.0
14-834,"Peanuts, roasted and salted",GA,602.0,24.7,7.1,53.0,8.0,3.8,400.0
14-361,"Pears, average, flesh and skin, raw, weighed with core and stalk",FA,37.0,0.3,9.2,0.1,2.3,9.2,1.0
14-365,"Pears, average, raw, flesh only",F,44.0,0.3,11.3,0.1,2.7,11.3,1.0
14-367,"Pears, average, stewed with sugar",F,72.0,0.2,18.8,0.1,2.1,18.8,1.0
14-368,"Pears, average, stewed without sugar",F,38.0,0.3,9.8,0.1,2.3,9.8,1.0
14-197,"Pears, canned in juice, whole contents",FA,33.0,0.3,8.5,0.0,,8.5,3.0
14-196,"Pears, dried",FA,207.0,1.6,52.4,0.5,,52.4,15.0
14-205,"Pears, Nashi, flesh and skin, raw",FA,29.0,0.3,7.1,0.1,,7.1,6.0
14-206,"Pears, Nashi, flesh and skin, raw, weighed with core",FA,26.0,0.3,6.3,0.1,,6.3,5.0
14-321,"Pears, raw, flesh and skin",FA,43.0,0.3,10.9,0.1,2.7,10.9,1.0
14-366,"Pears, raw, flesh only, peeled, weighed with skin and core",F,31.0,0.2,7.9,0.1,1.9,7.9,1.0
13-439,"Peas, boiled in unsalted water",DF,79.0,6.7,10.0,1.6,5.6,1.2,0
13-564,"Peas, canned in water, re-heated, drained",DF,59.0,5.3,8.0,0.9,5.3,1.7,0
13-131,"Peas, dried, boiled in unsalted water",DF,109.0,6.9,19.9,0.8,,0.9,13.0
13-130,"Peas, dried, raw",DF,303.0,21.6,52.0,2.4,,2.4,38.0
13-536,"Peas, frozen, boiled in unsalted water",DF,70.0,5.5,11.2,0.7,5.5,5.9,4.0
13-528,"Peas, frozen, microwaved",DF,71.0,5.7,10.8,0.9,5.6,6.6,4.0
13-527,"Peas, frozen, raw",DF,68.0,5.3,10.7,0.7,5.3,5.7,4.0
13-641,"Peas, mange-tout, boiled in unsalted water",DF,32.0,3.3,4.2,0.4,1.6,3.7,1.0
13-122,"Peas, mange-tout, raw",DF,32.0,3.6,4.2,0.2,,3.4,2.0
13-642,"Peas, mange-tout, stir-fried in rapeseed oil",DF,69.0,2.8,3.6,4.9,1.4,3.2,1.0
13-562,"Peas, marrowfat, canned, re-heated, drained",DF,87.0,6.9,13.8,0.8,5.0,0.9,160.0
13-563,"Peas, mushy, canned, re-heated",DF,81.0,5.8,13.8,0.7,3.1,1.7,220.0
13-438,"Peas, raw",DF,83.0,6.9,11.3,1.5,5.3,2.3,1.0
13-142,"Peas, split, dried, boiled in unsalted water",DF,126.0,8.3,22.7,0.9,,0.9,14.0
13-141,"Peas, split, dried, raw",DF,328.0,22.1,58.2,2.4,,1.9,38.0
13-594,"Peas, sugar-snap, boiled in unsalted water",DG,33.0,3.1,4.7,0.3,,3.4,4.0
13-143,"Peas, sugar-snap, raw",DF,34.0,3.4,5.0,0.2,,3.7,4.0
14-837,"Pecan nuts, kernel only",GA,689.0,9.2,5.8,70.1,,4.3,1.0
14-838,"Pecan nuts, kernel only, weighed with shells",GA,337.0,4.5,2.8,34.3,,2.1,0
14-338,"Peel, mixed",FA,287.0,0.3,74.1,0.9,4.5,51.2,280.0
13-525,"Pepper, capsicum, red, boiled in unsalted water",DG,17.0,0.8,3.4,0.1,2.4,3.3,0
13-524,"Pepper, capsicum, red, raw",DG,21.0,0.8,4.3,0.2,2.2,4.2,1.0
13-537,"Pepper, capsicum, yellow, boiled in unsalted water",DG,26.0,0.9,5.3,0.3,2.4,5.1,1.0
13-526,"Pepper, capsicum, yellow, raw",DG,23.0,0.8,4.6,0.2,2.2,4.4,1.0
13-847,"Pepper, cayenne, ground",H,318.0,12.0,31.7,17.3,,,30.0
17-830,"Peppermint creams, homemade",SEC,366.0,0.7,96.9,0.0,0,95.9,23.0
17-117,Peppermints,SEC,393.0,0.5,102.7,0.7,0.0,102.7,9.0
13-316,"Peppers, capsicum, chilli, green, raw",DG,20.0,2.9,0.7,0.6,,0.7,7.0
13-317,"Peppers, capsicum, chilli, red, raw",DG,26.0,1.8,4.2,0.3,,4.2,12.0
13-548,"Peppers, capsicum, green, boiled in unsalted water",DG,18.0,1.0,2.6,0.5,,2.3,4.0
13-318,"Peppers, capsicum, green, raw",DG,15.0,0.8,2.6,0.3,,2.4,4.0
15-837,"Peppers, green, stuffed with rice, homemade",DR,77.0,1.7,14.4,1.9,,5.5,7.0
15-852,"Peppers, green, stuffed with vegetables, cheese topping, homemade",DR,80.0,2.6,5.2,5.6,,,45.0
19-632,"Peppers, stuffed with beef, rice and vegetables, homemade",MR,99.0,6.2,9.2,4.3,,2.5,52.0
15-838,"Pesto sauce, homemade",DR,501.0,19.0,2.4,46.2,,,291.0
17-622,"Pesto, green",WC,420.0,5.6,3.9,42.5,,2.3,840.0
17-623,"Pesto, red",WC,317.0,5.0,5.9,30.6,3.3,5.2,770.0
18-383,"Pheasant, meat only, roasted",MCK,220.0,27.9,0.0,12.0,0.0,0.0,66.0
18-384,"Pheasant, meat only, roasted, weighed with bone",MCK,114.0,14.5,0.0,6.2,,0.0,34.0
14-207,"Physalis, fruit only",FA,53.0,1.8,11.1,0.2,,11.1,1.0
17-702,Piccalilli,WCN,84.0,1.0,17.6,0.5,,14.8,740.0
17-718,"Pickle, sweet",WCG,111.0,0.6,28.0,0.1,1.2,24.6,1130.0
11-1024,"Pie, apple, one crust, homemade",AS,198.0,1.8,29.0,9.2,2.1,18.0,66.0
11-1025,"Pie, apple, pastry top and bottom, homemade",AS,268.0,2.9,32.1,15.2,2.4,13.6,109.0
11-920,"Pie, apple, pastry, double crust, deep filled, retail",AS,256.0,3.3,38.5,10.9,,18.0,163.0
11-921,"Pie, apple, pastry, double crust, retail",AS,245.0,3.8,30.3,12.9,2.6,7.0,158.0
11-1026,"Pie, apple, wholemeal, one crust, homemade",AS,190.0,2.3,29.9,7.7,2.8,18.0,65.0
11-1027,"Pie, apple, wholemeal, pastry top and bottom, homemade",AS,254.0,3.6,33.6,12.7,3.7,13.7,108.0
12-394,"Pie, banoffee",BR,319.0,3.8,32.9,20.0,1.8,20.9,164.0
18-505,"Pie, beef, puff or shortcrust pastry, family size, retail",MR,220.0,8.9,18.1,13.0,2.0,1.2,332.0
18-506,"Pie, beef, puff or shortcrust pastry, individual, retail",MR,292.0,9.2,25.5,17.7,2.1,1.2,346.0
12-560,"Pie, cheese and potato, homemade",BV,132.0,5.0,12.6,7.2,1.1,1.5,113.0
19-559,"Pie, chicken and mushroom, single crust, homemade",MR,202.0,13.6,14.3,10.4,1.0,2.0,101.0
19-515,"Pie, chicken, individual, baked",MI,288.0,9.0,24.6,17.7,1.7,1.6,270.0
19-575,"Pie, Cottage, homemade",MR,126.0,6.3,10.4,6.3,1.3,1.6,155.0
19-494,"Pie, Cottage/Shepherd's, reheated",MR,111.0,4.5,11.9,5.4,1.2,1.6,240.0
16-460,"Pie, fish, white fish, homemade",JR,101.0,8.6,12.7,2.1,1.0,1.5,56.0
16-410,"Pie, fish, white fish, retail, baked",JR,124.0,6.6,14.4,4.8,2.1,1.8,254.0
11-847,"Pie, fruit, individual, retail",AS,361.0,3.1,60.0,13.7,4.3,31.0,115.0
11-1007,"Pie, fruit, one crust, homemade",AS,190.0,2.1,26.7,9.1,,15.7,66.0
11-1073,"Pie, fruit, pastry top and bottom, blackcurrant, homemade",AS,264.0,3.2,31.0,15.1,,12.5,109.0
11-1008,"Pie, fruit, pastry top and bottom, homemade",AS,262.0,3.1,30.4,15.1,,12.0,109.0
11-1075,"Pie, fruit, wholemeal, one crust, homemade",AS,182.0,2.5,27.6,7.6,,15.8,66.0
11-1074,"Pie, fruit, wholemeal, pastry top and bottom, blackcurrant, homemade",AS,250.0,3.9,32.5,12.5,,12.6,108.0
11-1076,"Pie, fruit, wholemeal, pastry top and bottom, homemade",AS,253.0,4.0,30.0,13.9,,12.1,165.0
11-1077,"Pie, fruit, wholemeal, with pie filling, homemade",AS,261.0,4.0,32.7,13.6,3.2,8.1,139.0
11-1078,"Pie, fruit, with pie filling, homemade",AS,277.0,3.2,31.1,16.4,1.8,8.1,139.0
19-058,"Pie, game, homemade",MI,381.0,12.2,34.7,22.5,,3.4,430.0
11-548,"Pie, lemon meringue, retail",AS,251.0,2.9,43.5,8.5,,29.3,113.0
15-816,"Pie, lentil and cheese, homemade",DR,182.0,11.0,14.5,9.3,,1.5,173.0
15-839,"Pie, Quorn and vegetable",DR,174.0,7.6,13.2,10.4,3.4,3.4,218.0
15-840,"Pie, spinach, homemade",DR,177.0,6.2,8.6,13.3,,2.6,327.0
19-629,"Pie, steak and kidney, double crust, homemade",MR,305.0,14.6,22.2,18.1,1.8,0.9,263.0
19-557,"Pie, steak and kidney, single crust, homemade",MI,243.0,17.0,15.3,13.1,1.2,0.6,209.0
19-639,"Pie, turkey, single crust, homemade",MR,205.0,13.8,14.9,10.4,1.5,2.4,108.0
15-647,"Pie, vegetable, homemade",DR,160.0,2.9,17.1,9.4,,2.8,107.0
15-841,"Pie, vegetable, wholemeal, homemade",DR,151.0,3.4,18.0,7.8,,3.0,106.0
18-385,"Pigeon, meat only, roasted",MCM,187.0,29.0,0.0,7.9,,0.0,92.0
18-386,"Pigeon, meat only, roasted, weighed with bone",MCM,88.0,13.6,0.0,3.7,,0.0,43.0
15-842,"Pilaf, rice with spinach, homemade",DR,104.0,3.7,17.8,1.9,,1.6,105.0
15-843,"Pilaf, rice with tomato, homemade",DR,147.0,2.9,27.9,2.6,0.7,0.9,326.0
15-845,"Pilau, egg and potato, brown rice, homemade",DR,117.0,4.7,19.5,2.8,1.4,1.6,29.0
15-844,"Pilau, egg and potato, homemade",DR,124.0,4.4,22.4,2.5,1.0,1.4,30.0
15-846,"Pilau, mushroom, homemade",DR,138.0,2.5,23.9,3.5,0.7,0.8,2.0
16-461,"Pilau, prawn, homemade",JR,149.0,5.2,24.8,3.2,0.6,0.8,60.0
12-472,"Pilau, vegetable, homemade",DR,112.0,3.3,22.6,1.5,2.2,0.3,170.0
14-839,"Pine nuts, kernel only",GA,688.0,14.0,4.0,68.6,,3.9,1.0
14-286,"Pineapple juice, unsweetened",PE,41.0,0.3,10.5,0.1,0,10.5,8.0
14-211,"Pineapple, canned in juice, whole contents",FA,47.0,0.3,12.2,0.0,,12.2,1.0
14-212,"Pineapple, canned in syrup, whole contents",FA,64.0,0.5,16.5,0.0,,16.5,2.0
14-396,"Pineapple, dried",FA,303.0,3.3,75.7,0.7,8.0,75.7,0
14-376,"Pineapple, flesh only, raw",FA,45.0,0.5,11.4,0.1,1.2,11.4,0
14-377,"Pineapple, flesh only, raw, weighed with skin and top",FA,20.0,0.2,5.0,0.1,0.5,5.0,0
11-1105,"Pinni, homemade",AP,527.0,5.4,59.5,31.4,,40.9,4.0
14-840,"Pistachio nuts, kernel only, roasted and salted",GA,601.0,17.9,8.2,55.4,7.4,5.7,530.0
14-841,"Pistachio nuts, kernel only, roasted and salted, weighed with shells",GA,331.0,9.9,4.6,30.5,,3.2,290.0
11-1016,"Pizza base, raw",AE,290.0,7.8,57.5,4.8,2.5,3.4,400.0
11-936,"Pizza, cheese and tomato, retail",A,272.0,12.2,36.1,9.8,2.9,3.9,397.0
11-1012,"Pizza, chicken topped, retail",AE,246.0,13.4,31.3,8.3,2.7,2.1,380.0
11-1011,"Pizza, fish topped, takeaway",AE,226.0,13.3,28.0,7.5,,2.0,400.0
11-1013,"Pizza, ham and pineapple, retail",AE,260.0,13.5,34.4,8.6,2.5,3.1,400.0
11-1015,"Pizza, meat topped, retail and takeaway",AE,255.0,13.2,29.1,10.3,2.0,1.8,440.0
15-255,"Pizza, tomato, homemade",DR,193.0,3.3,22.6,10.6,,3.0,340.0
11-1014,"Pizza, vegetarian, retail and takeaway",AE,216.0,10.8,29.6,6.9,3.1,2.4,330.0
16-434,"Plaice, flesh only, baked",JA,99.0,21.3,0.0,1.6,0.0,0.0,191.0
16-381,"Plaice, flesh only, raw",JA,76.0,16.4,0.0,1.2,0.0,0.0,147.0
16-435,"Plaice, flesh only, steamed",JA,91.0,19.5,0.0,1.4,0.0,0.0,175.0
16-480,"Plaice, flesh only, steamed, fillets weighed with bones and skin",JA,68.0,14.5,0.0,1.1,0.0,0.0,130.0
16-498,"Plaice, in batter, fried in blended oil",JA,257.0,15.2,12.0,16.8,,0,210.0
16-499,"Plaice, in batter, fried in retail blend oil",JA,257.0,15.2,12.0,16.8,0.5,0,210.0
16-500,"Plaice, in batter, fried in sunflower oil",JA,257.0,15.2,12.0,16.8,0.5,0,210.0
16-403,"Plaice, in breadcrumbs, baked",JA,243.0,14.4,21.5,11.6,1.5,1.3,275.0
13-324,"Plantain, boiled in unsalted water, flesh only",DG,112.0,0.8,28.5,0.2,,5.5,4.0
13-323,"Plantain, green flesh, raw",DG,117.0,1.1,29.4,0.3,,5.7,4.0
13-569,"Plantain, ripe, fried in rapeseed oil",DG,267.0,1.5,47.5,9.2,,11.5,3.0
14-316,"Plums, average, flesh and skin, stewed with sugar, weighed with stones",FA,67.0,0.5,17.0,0.1,,17.0,2.0
14-315,"Plums, average, flesh and skin, stewed without sugar",FA,30.0,0.5,7.3,0.1,,7.3,2.0
14-317,"Plums, average, flesh and skin, stewed without sugar, weighed with stones",FA,29.0,0.5,6.9,0.1,,6.9,2.0
14-314,"Plums, average, stewed with sugar, flesh and skin",FA,70.0,0.5,17.9,0.1,,17.9,2.0
14-372,"Plums, dessert, flesh and skin, raw",FA,41.0,0.6,9.7,0.3,1.3,9.7,0
14-374,"Plums, dessert, flesh and skin, raw, weighed with stones",FA,40.0,0.6,9.4,0.2,1.3,9.4,0
14-220,"Plums, Victoria, flesh and skin, raw",FA,39.0,0.6,9.6,0.1,,9.6,2.0
14-221,"Plums, Victoria, flesh and skin, raw, weighed with stones",FA,37.0,0.5,9.0,0.1,,9.0,2.0
14-222,"Plums, Victoria, stewed without sugar",FA,34.0,0.5,8.3,0.1,,8.3,2.0
14-223,"Plums, Victoria, stewed without sugar, weighed with stones",FA,33.0,0.5,7.9,0.1,,7.9,2.0
14-224,"Plums, yellow, flesh and skin, raw",FA,25.0,0.5,5.9,0.1,,5.9,1.0
14-225,"Plums, yellow, flesh and skin, raw, weighed with stones",FA,24.0,0.5,5.7,0.1,,5.7,1.0
11-905,"Polenta, hydrated, raw",AT,68.0,1.9,15.2,0.4,1.7,0,541.0
16-436,"Pollock, Alaskan, flesh only, baked",JA,124.0,28.2,0.0,1.2,0.0,0.0,117.0
16-378,"Pollock, Alaskan, flesh only, raw",JA,72.0,16.4,0.0,0.7,0.0,0.0,68.0
16-437,"Pollock, Alaskan, flesh only, steamed",JA,120.0,27.4,0.0,1.2,0.0,0.0,114.0
14-341,Pomegranate juice drink,FC,44.0,0.2,11.6,0.0,0,11.6,1.0
14-226,"Pomegranate, flesh and pips",FA,51.0,1.3,11.8,0.2,,11.8,2.0
14-227,"Pomegranate, flesh and pips, weighed with skin",FA,33.0,0.9,7.7,0.1,,7.7,1.0
14-228,"Pomelo, flesh only",FA,30.0,0.6,6.8,0.2,,6.8,1.0
14-229,"Pomelo, flesh only, weighed with peel and pips",FA,18.0,0.4,4.1,0.1,,4.1,1.0
16-124,"Pomfret, black, raw",JA,99.0,18.8,0.0,2.6,,0.0,110.0
16-125,"Pomfret, white, raw",JA,92.0,18.3,0.0,2.1,,0.0,94.0
17-691,"Popcorn, candied",SN,469.0,6.9,60.7,23.8,9.5,15.0,0
17-692,"Popcorn, salted, retail",SN,470.0,9.0,59.3,23.5,9.3,0.6,730.0
19-665,"Pork chops in mustard and cream, homemade",MR,263.0,15.5,1.0,19.4,0.2,1.0,200.0
19-666,"Pork chops in mustard and cream, homemade, weighed with bone",MR,230.0,13.6,0.9,17.0,0.1,0.9,175.0
19-467,"Pork pie, individual",MR,370.0,9.9,25.7,26.0,2.9,1.5,542.0
17-132,Pork scratchings,SN,606.0,47.9,0.2,46.0,,0.2,1320.0
18-555,"Pork, belly joint, roasted, lean and fat",MAG,293.0,25.1,0.0,21.4,0.0,0.0,90.0
18-556,"Pork, belly joint/slices, grilled, lean and fat",MAG,320.0,27.4,0.0,23.4,0.0,0.0,97.0
18-557,"Pork, belly joint/slices, raw, lean and fat",MAG,258.0,19.1,0.0,20.2,0.0,0.0,69.0
18-558,"Pork, belly joint/slices, raw, lean and fat, weighed with bone",MAG,238.0,17.6,0.0,18.6,0.0,0.0,75.0
18-216,"Pork, crackling, cooked",MAG,550.0,36.2,0.0,45.0,,0.0,
18-527,"Pork, diced, casseroled, lean",MAG,195.0,36.8,0.0,5.3,0.0,0.0,89.0
18-528,"Pork, diced, casseroled, lean and fat",MAG,203.0,36.3,0.0,6.4,0.0,0.0,88.0
18-540,"Pork, diced, kebabs, grilled, lean",MAG,200.0,37.9,0.0,5.4,0.0,0.0,92.0
18-541,"Pork, diced, kebabs, grilled, lean and fat",MAG,208.0,37.4,0.0,6.5,0.0,0.0,91.0
18-529,"Pork, diced, raw, lean",MAG,122.0,23.1,0.0,3.3,0.0,0.0,56.0
18-530,"Pork, diced, raw, lean and fat",MAG,132.0,22.8,0.0,4.5,0.0,0.0,55.0
18-559,"Pork, fat, average, cooked",MAG,515.0,14.2,0.0,50.9,0.0,0.0,69.0
18-600,"Pork, fat, average, raw",MAG,548.0,10.1,0.0,56.4,0.0,0.0,47.0
18-531,"Pork, fillet medallions, grilled lean",MAG,152.0,36.3,0.0,0.8,0.0,0.0,67.0
18-532,"Pork, fillet medallions, grilled, lean and fat",MAG,161.0,35.9,0.0,1.9,0.0,0.0,66.0
18-510,"Pork, fillet medallions, raw, lean",MAG,96.0,22.8,0.0,0.5,0.0,0.0,42.0
18-511,"Pork, fillet medallions, raw, lean and fat",MAG,106.0,22.6,0.0,1.8,0.0,0.0,42.0
18-533,"Pork, fillet strips, stir-fried in rapeseed oil, lean",MAG,168.0,35.8,0.0,2.7,0.0,0.0,66.0
18-601,"Pork, hand, shoulder joint, raw, lean",MAG,121.0,20.8,0.0,4.2,,0.0,73.0
18-602,"Pork, hand, shoulder joint, raw, lean and fat",MAG,218.0,18.1,0.0,16.2,,0.0,67.0
18-603,"Pork, hand, shoulder joint, roasted, lean",MAG,202.0,30.8,0.0,8.8,,0.0,78.0
18-604,"Pork, hand, shoulder joint, roasted, lean and fat",MAG,259.0,27.5,0.0,16.5,,0.0,77.0
18-608,"Pork, lean, average, raw",MAG,116.0,22.2,0.0,3.1,0.0,0.0,57.0
18-512,"Pork, leg joint, raw, lean",MAG,122.0,23.1,0.0,3.3,0.0,0.0,56.0
18-514,"Pork, leg joint, raw, lean and fat",MAG,215.0,19.9,0.0,15.0,0.0,0.0,51.0
18-513,"Pork, leg joint, raw, lean and fat, trimmed",MAG,142.0,22.4,0.0,5.8,0.0,0.0,55.0
18-517,"Pork, leg joint, roasted, lean and fat",MAG,261.0,29.6,0.0,15.9,0.0,0.0,53.0
18-516,"Pork, leg joint, roasted, lean and fat, trimmed",MAG,203.0,32.5,0.0,8.1,0.0,0.0,57.0
18-515,"Pork, leg joint, roasted, lean",MAG,186.0,33.3,0.0,5.9,0.0,0.0,58.0
18-534,"Pork, loin chops, grilled, lean",MAG,194.0,35.1,0.0,5.9,0.0,0.0,57.0
18-535,"Pork, loin chops, grilled, lean and fat",MAG,237.0,33.3,0.0,11.5,0.0,0.0,54.0
18-536,"Pork, loin chops, raw, lean and fat",MAG,191.0,21.3,0.0,11.7,0.0,0.0,45.0
18-537,"Pork, loin chops, raw, lean and fat, weighed with bone",MAG,162.0,18.1,0.0,10.0,0.0,0.0,38.0
18-613,"Pork, loin chops, roasted, lean",MAG,196.0,39.6,0.0,4.2,0.0,0.0,84.0
18-610,"Pork, loin chops, roasted, lean and fat",MAG,247.0,36.2,0.0,11.4,0.0,0.0,77.0
18-611,"Pork, loin chops, roasted, lean and fat, weighed with bone",MAG,191.0,27.9,0.0,8.8,0.0,0.0,59.0
18-518,"Pork, loin medallions, raw, lean",MAG,116.0,24.8,0.0,1.9,0.0,0.0,41.0
18-519,"Pork, loin medallions, raw, lean and fat",MAG,141.0,23.0,0.0,5.4,0.0,0.0,40.0
18-520,"Pork, loin medallions, raw, lean and fat, trimmed",MAG,122.0,23.4,0.0,3.1,0.0,0.0,41.0
18-538,"Pork, loin steaks, fried in rapeseed oil, lean",MAG,178.0,33.9,0.0,4.7,0.0,0.0,72.0
18-539,"Pork, loin steaks, fried in rapeseed oil, lean and fat",MAG,235.0,31.7,0.0,12.0,0.0,0.0,66.0
18-524,"Pork, loin steaks, grilled, lean",MAG,194.0,35.1,0.0,5.9,0.0,0.0,57.0
18-526,"Pork, loin steaks, grilled, lean and fat",MAG,247.0,32.7,0.0,12.9,0.0,0.0,53.0
18-525,"Pork, loin steaks, grilled, lean and fat, trimmed",MAG,210.0,34.4,0.0,8.0,0.0,0.0,56.0
18-521,"Pork, loin steaks, raw, lean",MAG,110.0,23.2,0.0,1.9,0.0,0.0,49.0
18-522,"Pork, loin steaks, raw, lean and fat",MAG,187.0,21.4,0.0,11.2,0.0,0.0,45.0
18-523,"Pork, loin steaks, raw, lean and fat, trimmed",MAG,140.0,22.5,0.0,5.5,0.0,0.0,47.0
18-605,"Pork, loin steaks, stewed, lean",MAG,157.0,33.2,0.0,2.7,0.0,0.0,70.0
18-612,"Pork, loin steaks, stewed, lean and fat",MAG,212.0,31.3,0.0,9.7,0.0,0.0,64.0
18-606,"Pork, mince, raw",MAG,164.0,19.2,0.0,9.7,,0.0,66.0
18-607,"Pork, mince, stewed",MAG,191.0,24.4,0.0,10.4,,0.0,61.0
18-542,"Pork, shoulder chops (collar), braised, lean",MAG,213.0,30.5,0.0,10.1,,0.0,59.0
18-543,"Pork, shoulder chops (collar), braised, lean and fat",MAG,247.0,28.1,0.0,15.0,,0.0,59.0
18-544,"Pork, shoulder chops (collar), braised, lean and fat, weighed with bone",MAG,190.0,21.6,0.0,11.5,,0.0,44.0
18-545,"Pork, shoulder chops (collar), raw, lean and fat",MAG,186.0,18.5,0.0,12.4,,0.0,62.0
18-546,"Pork, shoulder chops (collar), raw, lean and fat, weighed with bone",MAG,147.0,14.6,0.0,9.8,,0.0,49.0
18-547,"Pork, shoulder joint (collar), pot-roasted, lean",MAG,201.0,30.0,0.0,9.0,,0.0,65.0
18-548,"Pork, shoulder joint (collar), pot-roasted, lean and fat",MAG,260.0,24.4,0.0,18.0,,0.0,64.0
18-549,"Pork, shoulder joint (collar), raw, lean and fat",MAG,218.0,17.6,0.0,16.4,,0.0,61.0
18-550,"Pork, shoulder joint (collar), raw, lean and fat, weighed with bone",MAG,161.0,13.1,0.0,12.1,,0.0,45.0
18-551,"Pork, shoulder steaks (collar), grilled, lean and fat",MAG,292.0,29.2,0.0,19.5,,0.0,140.0
18-552,"Pork, shoulder steaks (collar), grilled, lean and fat, weighed with bone",MAG,132.0,13.1,0.0,8.8,,0.0,63.0
18-554,"Pork, shoulder steaks (collar), raw, lean and fat",MAG,168.0,18.7,0.0,10.4,,0.0,62.0
18-553,"Pork, shoulder steaks (collar), raw, lean and fat, weighed with bone",MAG,94.0,9.0,0.0,6.4,,0.0,46.0
19-670,"Pork, spare ribs, 'barbecue style', homemade",MR,302.0,20.8,4.9,22.3,0.8,5.0,766.0
19-671,"Pork, spare ribs, 'barbecue style', homemade, weighed with bone",MR,142.0,9.7,2.3,10.4,0.4,2.3,356.0
19-265,"Pork, spare ribs, 'barbecue style', meat only, retail, reheated, weighed with bone",MR,98.0,9.2,2.0,6.0,,1.5,150.0
19-264,"Pork, spare ribs, 'barbecue style', meat only, retail, reheated",MR,281.0,26.3,5.8,17.1,0.6,4.4,440.0
19-672,"Pork, spare ribs, in black bean sauce, meat and sauce only, homemade",MR,216.0,14.3,5.8,14.5,,5.1,774.0
19-673,"Pork, spare ribs, in black bean sauce, meat and sauce only, homemade, weighed with bone",MR,123.0,8.2,3.3,8.2,,2.9,441.0
18-609,"Pork, spare ribs, raw, lean and fat",MAG,195.0,18.7,0.0,13.4,0.0,0.0,98.0
19-667,"Pork, stir-fried with vegetables, homemade",MR,103.0,16.4,2.6,2.9,,1.2,336.0
19-668,"Pork, sweet and sour, made with lean pork, homemade",MR,162.0,14.5,11.0,6.3,,7.2,63.0
19-669,"Pork, sweet and sour, made with sweet and sour cook in sauce",MR,148.0,15.3,11.4,4.9,0.4,10.0,165.0
18-429,"Pork, trotters and tails, boiled with added salt",MG,280.0,19.8,0.0,22.3,,0.0,1620.0
11-788,"Porridge oats, unfortified",A,381.0,10.9,70.7,8.1,7.8,0.3,1.0
11-789,"Porridge oats, unfortified, cooked, made up with semi-skimmed milk",A,84.0,4.6,12.1,2.3,1.0,4.1,39.0
11-1106,"Porridge, made with milk and water",AI,72.0,3.1,11.2,1.9,1.0,2.5,22.0
11-1107,"Porridge, made with water",AI,47.0,1.4,8.8,1.0,1.0,0,0
11-1108,"Porridge, made with whole milk",AI,112.0,4.9,13.3,4.7,0.9,4.8,44.0
17-234,Port,QF,157.0,0.1,12.0,0.0,0.0,12.0,4.0
17-849,Pot savouries,SN,365.0,11.6,58.8,10.9,,8.2,600.0
17-682,"Pot savouries, made up",SN,103.0,3.3,16.7,3.1,,2.3,170.0
15-849,"Potato cakes, fried in rapeseed oil",DR,210.0,3.9,31.4,8.4,2.1,1.1,21.0
13-024,"Potato chips, crinkle cut, frozen, fried in corn oil",DAP,290.0,3.6,33.4,16.7,,0.9,78.0
13-486,"Potato chips, fine cut, from fast food outlets",DAP,290.0,3.5,39.7,14.2,3.8,0.3,193.0
50-684,"Potato chips, fine cut, frozen, fried in blended vegetable oil",DAP,364.0,4.5,41.2,21.3,,0.6,97.0
13-026,"Potato chips, fine cut, frozen, fried in corn oil",DAP,364.0,4.5,41.2,21.3,,0.6,97.0
50-686,"Potato chips, fine cut, frozen, fried in dripping",DAP,364.0,4.5,41.2,21.3,,0.6,98.0
13-613,"Potato chips, fried in beef dripping, from takeaway fish and chip shops",DAR,214.0,3.5,33.2,8.4,3.2,0.6,16.0
13-485,"Potato chips, fried in commercial oil, from takeaway fish and chip shops",DAP,214.0,3.5,33.2,8.4,3.2,0.6,16.0
13-612,"Potato chips, fried in palm oil, from takeaway fish and chip shops",DAR,214.0,3.5,33.2,8.4,3.2,0.6,16.0
13-614,"Potato chips, fried in rapeseed oil, from takeaway fish and chip shops",DAR,214.0,3.5,33.2,8.4,3.2,0.6,16.0
13-595,"Potato chips, homemade, fried in corn oil",DAP,197.0,3.2,33.1,6.7,3.4,1.5,3.0
13-596,"Potato chips, homemade, fried in dripping",DAP,197.0,3.2,33.1,6.7,3.4,1.5,4.0
13-555,"Potato chips, homemade, fried in rapeseed oil",DAP,202.0,3.6,34.1,6.7,3.4,0.9,3.0
13-597,"Potato chips, homemade, fried in sunflower oil",DAP,197.0,3.2,33.1,6.7,3.4,1.5,3.0
13-557,"Potato chips, microwave, cooked",DAP,221.0,3.6,32.1,9.6,2.9,0.6,40.0
13-487,"Potato chips, oven ready, no batter, baked",DAP,189.0,3.2,35.3,4.9,3.5,1.0,31.0
13-488,"Potato chips, oven ready, with batter, baked",DAP,202.0,3.4,35.6,6.1,3.3,0.4,193.0
50-681,"Potato chips, straight cut, frozen, fried in blended oil",DAP,273.0,4.1,36.0,13.5,,0.7,29.0
13-025,"Potato chips, straight cut, frozen, fried in corn oil",DAP,273.0,4.1,36.0,13.5,,0.7,29.0
50-683,"Potato chips, straight cut, frozen, fried in dripping",DAP,273.0,4.1,36.0,13.5,,0.7,30.0
13-027,"Potato chips, thick cut, frozen, fried in corn oil",DAP,234.0,3.6,34.0,10.2,,0.8,41.0
17-671,"Potato crisps, fried in sunflower oil",SNA,493.0,6.2,55.8,28.8,4.4,0.9,604.0
17-693,"Potato crisps, low fat",SN,458.0,6.6,63.5,21.5,,1.5,730.0
13-038,"Potato croquettes, fried in blended oil",DAR,214.0,3.7,21.6,13.1,,0.5,420.0
13-615,"Potato powder, instant, made up with semi-skimmed milk",DAR,67.0,2.4,14.2,0.5,,1.5,100.0
13-616,"Potato powder, instant, made up with skimmed milk",DAR,66.0,2.4,14.2,0.1,,1.5,100.0
13-558,"Potato powder, instant, made up with water",DAR,57.0,1.5,13.5,0.1,1.2,0.7,100.0
13-617,"Potato powder, instant, made up with whole milk",DAR,76.0,2.4,14.8,1.2,,2.0,100.0
13-598,"Potato powder, instant, raw",DAR,320.0,8.4,74.9,0.6,7.7,4.1,450.0
13-533,"Potato products, shaped, frozen, baked",DA,190.0,2.5,28.1,8.3,2.7,0.4,254.0
17-643,Potato rings,SN,480.0,3.6,70.5,22.4,2.6,0.3,845.0
17-642,"Potato snacks, pringle-type, fried in vegetable oil",SNA,519.0,4.3,57.4,31.8,2.9,1.5,599.0
13-483,"Potato wedges, retail, cooked",DAR,176.0,2.8,30.6,5.5,4.3,0.8,198.0
15-259,"Potato, leek and celery bake",DR,122.0,4.4,12.6,6.5,,1.6,490.0
15-261,"Potatoes with onions and eggs, fried",DR,316.0,7.8,19.1,23.8,,1.4,540.0
15-850,"Potatoes, duchesse",DR,124.0,3.1,17.5,5.1,1.6,0.8,53.0
13-610,"Potatoes, new and salad, boiled in salted water, flesh and skin",DAE,68.0,1.8,14.9,0.1,1.8,1.1,26.0
13-495,"Potatoes, new and salad, boiled in unsalted water, flesh and skin",DAE,68.0,1.8,14.9,0.1,1.8,1.1,3.0
13-618,"Potatoes, new and salad, flesh only, raw",DAE,68.0,1.7,16.1,0.1,1.8,1.3,3.0
13-619,"Potatoes, new, frozen, `roast' in corn oil",DAE,157.0,2.5,23.4,6.6,3.0,1.0,100.0
13-491,"Potatoes, old, baked, flesh and skin",DAM,97.0,2.5,22.6,0.2,2.6,1.4,2.0
13-620,"Potatoes, old, baked, flesh only",DAM,77.0,2.2,18.0,0.1,,0.7,1.0
13-621,"Potatoes, old, baked, flesh only, weighed with skin",DAM,52.0,1.5,12.1,0.1,,0.5,1.0
13-605,"Potatoes, old, boiled in salted water, flesh only",DAM,74.0,1.8,17.5,0.1,1.6,0.8,64.0
13-490,"Potatoes, old, boiled in unsalted water, flesh only",DAM,74.0,1.8,17.5,0.1,1.6,0.8,1.0
13-553,"Potatoes, old, mashed with butter",DAM,102.0,1.9,15.9,3.9,1.4,1.0,36.0
13-554,"Potatoes, old, mashed with reduced fat spread",DAM,93.0,1.8,15.9,2.8,1.4,1.0,30.0
13-494,"Potatoes, old, microwaved, flesh and skin",DAM,92.0,2.6,21.5,0.1,2.7,2.1,2.0
13-566,"Potatoes, old, potato wedges, with skin, cooked in sunflower oil, homemade",DAM,145.0,2.9,26.5,3.8,3.0,1.7,2.0
13-489,"Potatoes, old, raw, flesh only",DAM,82.0,1.9,19.6,0.1,2.0,0.9,2.0
13-599,"Potatoes, old, roasted in corn oil",DAM,161.0,2.6,26.4,5.7,2.7,1.2,3.0
13-600,"Potatoes, old, roasted in lard",DAM,161.0,2.6,26.4,5.7,2.7,1.2,3.0
13-534,"Potatoes, old, roasted in rapeseed oil",DA,161.0,2.6,26.4,5.7,2.7,1.2,3.0
13-492,"Potatoes, old, roasted in sunflower oil, flesh only",DAM,161.0,2.6,26.4,5.7,2.7,1.2,3.0
13-493,"Potatoes, old, wedges, with skin, homemade, cooked in rapeseed oil",DAM,145.0,2.9,26.5,3.8,3.0,1.7,2.0
18-305,"Poussin, raw, meat and skin",MCA,202.0,19.1,0.0,13.9,,0.0,70.0
18-306,"Poussin, raw, meat and skin, weighed with bone",MCA,117.0,11.1,0.0,8.1,,0.0,40.0
11-1023,"Prawn crackers, takeaway",AT,570.0,0.3,58.2,39.0,0.9,2.2,767.0
16-388,"Prawns, king, grilled from raw",JK,102.0,23.5,0.0,0.9,0.0,0.0,305.0
16-389,"Prawns, king, purchased cooked",JK,68.0,16.2,0.0,0.4,0.0,0.0,643.0
16-481,"Prawns, king, purchased cooked, weighed with shells",JK,37.0,8.7,0.0,0.2,0.0,0.0,347.0
16-387,"Prawns, king, raw",JK,77.0,17.6,0.0,0.7,0.0,0.0,215.0
16-482,"Prawns, standard, dried",JK,377.0,83.1,0.0,4.9,0.0,0.0,3172.0
16-384,"Prawns, standard, purchased cooked",JK,70.0,15.4,0.0,0.9,0.0,0.0,588.0
17-758,Pre-mixed spirit based drinks,Q,52.0,0.0,8.0,0.0,0.0,8.0,
14-230,"Prickly pears, flesh and seeds",FA,49.0,0.7,11.5,0.3,,11.5,4.0
12-405,"Profiteroles with sauce, frozen",BR,346.0,5.5,24.6,25.7,1.4,17.0,130.0
14-289,Prune juice,FC,57.0,0.5,14.4,0.1,,14.4,12.0
14-237,"Prunes, canned in juice, whole contents",FA,79.0,0.7,19.7,0.2,,19.7,18.0
14-231,"Prunes, flesh and skin",FA,160.0,2.8,38.4,0.5,,38.4,12.0
14-233,"Prunes, flesh and skin, stewed with sugar",FA,103.0,1.3,25.5,0.2,,25.5,5.0
14-234,"Prunes, flesh and skin, stewed with sugar, weighed with stones",FA,95.0,1.2,23.5,0.2,,23.5,5.0
14-235,"Prunes, flesh and skin, stewed without sugar",FA,81.0,1.4,19.5,0.3,,19.5,6.0
14-236,"Prunes, flesh and skin, stewed without sugar, weighed with stones",FA,74.0,1.3,17.8,0.2,,17.8,5.0
14-232,"Prunes, flesh and skin, weighed with stones",FA,134.0,2.4,32.3,0.4,,32.3,10.0
14-391,"Prunes, ready-to-eat, semi-dried",FA,149.0,2.3,36.5,0.3,5.2,36.5,3.0
14-398,"Prunes, ready-to-eat, semi-dried, weighed with stones",FA,128.0,2.0,31.4,0.3,4.5,31.4,3.0
11-1037,"Pudding, bread and butter, homemade",AS,137.0,6.3,17.0,5.3,0.3,12.4,130.0
11-1051,"Pudding, Christmas, homemade",AS,316.0,5.0,54.6,9.8,,33.8,119.0
11-1022,"Pudding, Christmas, retail",AS,285.0,3.0,56.3,6.9,4.0,46.2,100.0
11-1065,"Pudding, Eve's pudding, homemade",AS,252.0,3.3,31.4,13.4,1.4,20.0,216.0
11-1097,"Pudding, Queen of Puddings, homemade",AS,195.0,5.0,34.2,7.6,,27.5,149.0
12-580,"Pudding, rice, canned",BR,85.0,3.3,16.1,1.3,,8.7,43.0
12-553,"Pudding, rice, canned, low fat",BR,81.0,3.5,16.0,0.8,0.1,8.7,43.0
12-514,"Pudding, rice, homemade, with semi-skimmed milk",BR,127.0,4.2,19.0,4.4,0.1,10.3,67.0
12-607,"Pudding, rice, homemade, with skimmed milk",BR,114.0,4.3,19.1,2.9,0.1,10.4,65.0
12-608,"Pudding, rice, homemade, with whole milk",BR,145.0,4.2,18.9,6.5,0.1,10.2,63.0
11-1021,"Pudding, sponge, canned",AS,265.0,3.1,45.4,9.1,,25.8,340.0
11-1119,"Pudding, sponge, homemade",AS,327.0,5.7,46.2,14.6,1.4,18.5,299.0
11-1120,"Pudding, sponge, with dried fruit, homemade",AS,332.0,5.5,50.5,13.4,,25.2,277.0
11-1121,"Pudding, sponge, with jam or treacle, homemade",AS,333.0,5.3,51.1,13.3,1.2,25.8,291.0
11-1122,"Pudding, spotted dick, homemade",AS,344.0,4.5,48.3,16.1,,19.1,226.0
11-1124,"Pudding, suet, homemade",AS,352.0,4.8,46.4,17.6,,14.5,246.0
14-842,Pumpkin seeds,GA,565.0,24.4,15.2,45.6,,1.1,18.0
13-549,"Pumpkin, flesh only, boiled in unsalted water",DG,12.0,0.6,1.9,0.3,,1.8,0
13-326,"Pumpkin, flesh only, raw",DG,13.0,0.7,2.2,0.2,,1.7,0
11-911,"Puri, homemade",AF,366.0,7.2,36.5,22.3,3.5,1.2,279.0
12-948,"Quiche, cheese and egg, homemade",CD,305.0,12.5,14.6,22.3,1.2,1.6,310.0
11-995,"Quiche, cheese and egg, wholemeal, homemade",CD,294.0,13.0,15.6,20.4,2.1,1.6,310.0
12-952,"Quiche, Lorraine, homemade",CD,358.0,15.3,16.8,26.0,1.3,2.2,588.0
12-936,"Quiche, Lorraine, shortcrust pastry, retail",CD,269.0,9.1,19.7,17.6,1.3,3.2,339.0
12-953,"Quiche, Lorraine, wholemeal pastry, homemade",CD,354.0,15.8,18.0,24.9,2.3,2.2,587.0
12-954,"Quiche, mushroom, homemade",CD,278.0,9.9,15.5,20.0,1.4,1.3,253.0
12-955,"Quiche, mushroom, wholemeal, homemade",CD,267.0,10.5,16.6,18.1,2.4,1.3,252.0
12-949,"Quiche, vegetable, retail",CD,289.0,8.1,21.2,19.7,2.8,3.5,200.0
14-241,"Quinces, flesh only",FA,26.0,0.3,6.3,0.1,,6.3,3.0
14-843,"Quinoa, raw",GA,309.0,13.8,55.7,5.0,7.0,6.1,61.0
15-262,Quorn korma,DR,140.0,3.7,16.7,7.0,,1.3,180.0
13-574,"Quorn, pieces, as purchased",DG,73.0,14.0,1.1,1.4,8.3,0.4,300.0
18-387,"Rabbit, raw, meat only",MEC,137.0,21.9,0.0,5.5,0.0,0.0,67.0
18-388,"Rabbit, stewed, meat only",MEC,114.0,21.2,0.0,3.2,0.0,0.0,48.0
18-389,"Rabbit, stewed, meat only, weighed with bone",MEC,68.0,12.7,0.0,1.9,,0.0,29.0
13-329,"Raddiccio, raw",DG,14.0,1.4,1.7,0.2,,1.7,7.0
13-332,"Radish leaves, raw",DG,33.0,3.5,3.5,0.5,,,110.0
13-656,"Radish, red, flesh and skin, raw",DG,12.0,0.7,1.4,0.4,1.1,1.4,21.0
13-331,"Radish, white/mooli, raw",DG,15.0,0.8,2.9,0.1,,2.9,27.0
14-393,"Raisins, dried",FA,256.0,3.0,62.6,1.0,2.7,62.6,17.0
17-832,"Raita, homemade",WC,57.0,4.4,5.8,2.4,0.4,5.8,69.0
12-595,"Raita, yogurt and gram flour, homemade",BV,103.0,3.3,8.1,6.6,1.4,5.3,28.0
14-243,"Rambutan, flesh only",FA,69.0,1.0,16.3,0.4,,16.3,1.0
13-333,"Rape leaves, raw",DG,37.0,3.8,4.8,0.3,,,
14-375,"Raspberries, raw",FA,25.0,0.8,5.1,0.3,3.7,5.1,0
14-245,"Raspberries, stewed with sugar",FA,63.0,1.2,15.0,0.3,,15.0,2.0
14-246,"Raspberries, stewed without sugar",FA,24.0,1.4,4.4,0.3,,4.4,2.0
15-659,"Ratatouille, homemade",DR,82.0,1.2,3.8,7.0,,3.3,3.0
15-853,Red pea loaf,DR,127.0,9.2,15.6,3.4,,0.9,28.0
11-877,"Red rice, boiled in unsalted water",AC,129.0,3.0,28.2,1.2,1.4,0.2,7.0
16-127,"Red snapper, flesh only, fried in blended oil, weighed with bones and skin",JA,126.0,24.5,0.0,3.1,,0.0,59.0
16-128,"Red snapper, flesh only, fried in blended oil, weighed with bones and skin",JA,64.0,12.5,0.0,1.6,,0.0,59.0
16-129,"Red snapper, flesh only, fried in sunflower oil",JA,126.0,24.5,0.0,3.1,,0.0,120.0
16-130,"Red snapper, flesh only, fried in sunflower oil, weighed with bones and skin",JA,64.0,12.5,0.0,1.6,,0.0,59.0
16-126,"Red snapper, flesh only, raw",JA,90.0,19.6,0.0,1.3,,0.0,77.0
14-249,"Redcurrants, raw",FA,21.0,1.1,4.4,0.0,,4.4,2.0
14-250,"Redcurrants, stewed with sugar",FA,53.0,0.9,13.3,0.0,,13.3,1.0
14-251,"Redcurrants, stewed without sugar",FA,17.0,0.9,3.8,0.0,,3.8,1.0
16-131,"Redfish, raw",JA,98.0,18.4,0.0,2.7,,0.0,73.0
15-854,Re-fried beans,DR,169.0,7.1,15.0,8.6,,1.4,87.0
17-708,"Relish, corn/cucumber/onion",WCN,144.0,1.0,36.6,0.3,1.5,28.9,420.0
17-354,"Relish, tomato based",WCN,114.0,1.2,27.6,0.1,,25.1,480.0
14-252,"Rhubarb, stems only, raw",FA,7.0,0.9,0.8,0.1,,0.8,3.0
14-253,"Rhubarb, stems only, stewed with sugar",FA,48.0,0.9,11.5,0.1,,11.5,1.0
14-389,"Rhubarb, stems only, stewed without sugar",FA,14.0,1.0,1.2,0.6,1.3,1.2,1.0
15-855,Rice and black-eye beans,DR,170.0,5.6,34.1,2.2,,0.9,15.0
15-856,"Rice and black-eye beans, brown rice",DR,164.0,5.9,31.6,2.4,,1.0,15.0
15-857,Rice and pigeon peas,DR,163.0,4.9,33.1,2.2,,0.7,18.0
15-858,"Rice and pigeon peas, brown rice",DR,157.0,5.2,30.8,2.3,,0.8,17.0
15-859,Rice and red kidney beans,DR,158.0,5.2,31.5,2.1,,0.5,15.0
15-860,"Rice and red kidney beans, brown rice",DR,152.0,5.5,29.1,2.3,,0.6,15.0
15-861,Rice and split peas,DR,186.0,5.8,37.3,2.5,,0.8,20.0
15-862,"Rice and split peas, brown rice",DR,179.0,6.2,34.7,2.7,,0.9,20.0
11-867,"Rice, brown, basmati, boiled in unsalted water",AC,131.0,3.3,28.7,1.1,1.2,0.3,0
11-866,"Rice, brown, basmati, raw",AC,355.0,8.9,77.6,3.1,3.3,0.8,1.0
11-871,"Rice, brown, easy cook, boiled in unsalted water",AC,157.0,3.2,35.3,1.3,1.5,0.3,1.0
11-870,"Rice, brown, easy cook, raw",AC,366.0,7.5,82.1,3.1,3.5,0.7,2.0
11-869,"Rice, brown, wholegrain, boiled in unsalted water",AC,132.0,3.6,29.2,0.9,1.5,0.1,4.0
11-868,"Rice, brown, wholegrain, raw",AC,333.0,7.7,77.0,1.5,3.0,0.7,0
11-885,"Rice, egg fried, ready cooked, re-heated, retail, not takeaway",AC,169.0,3.9,28.1,5.3,2.8,0,409.0
11-444,"Rice, egg fried, takeaway",AC,186.0,4.3,33.3,4.9,1.1,0,417.0
11-968,"Rice, pilau, plain, homemade",AC,134.0,2.5,24.3,3.7,0.6,0.8,1.0
11-884,"Rice, ready-cooked, ""plain"", re-heated",AC,161.0,4.1,33.9,1.9,1.1,0,151.0
11-876,"Rice, red, raw",AC,356.0,7.0,80.4,2.9,4.1,0.9,2.0
11-881,"Rice, savoury, including chicken, beef, mushroom and vegetable varieties, dried, cooked",AC,155.0,3.7,34.0,1.4,1.7,3.2,290.0
11-880,"Rice, savoury, including chicken, beef, mushroom and vegetable varieties, dried, uncooked",AC,369.0,8.0,83.3,2.7,3.6,6.7,1231.0
11-875,"Rice, Thai fragrant, boiled in unsalted water",AC,133.0,2.3,32.1,0.4,0,0,4.0
11-874,"Rice, Thai fragrant, raw",AC,352.0,6.4,84.5,1.1,0.8,0.1,1.0
11-858,"Rice, white, basmati, boiled in unsalted water",AC,117.0,2.8,26.5,0.7,0.6,0,4.0
11-860,"Rice, white, basmati, easy cook, boiled in unsalted water",AC,138.0,3.5,32.2,0.4,0,0,4.0
11-859,"Rice, white, basmati, easy cook, raw",AC,350.0,8.1,83.8,0.4,1.4,0.6,3.0
11-857,"Rice, white, basmati, raw",AC,351.0,8.1,83.7,0.5,1.1,0.1,1.0
11-879,"Rice, white, Italian ""Arborio"" risotto, boiled in unsalted water",AC,138.0,3.2,32.2,0.5,0,0,4.0
11-878,"Rice, white, Italian Arborio risotto, raw",AC,354.0,6.4,85.2,1.0,1.4,0.2,1.0
11-862,"Rice, white, long grain, boiled in unsalted water",AC,131.0,2.8,31.1,0.4,0.5,0,11.0
11-864,"Rice, white, long grain, easy cook, boiled in unsalted water",AC,146.0,3.0,34.7,0.4,0.7,0,6.0
11-863,"Rice, white, long grain, easy cook, raw",AC,347.0,7.0,82.3,1.1,1.7,0,2.0
11-861,"Rice, white, long grain, raw",AC,355.0,6.7,85.1,1.0,1.1,0.2,1.0
11-865,"Rice, white, pudding, raw",AC,352.0,5.6,85.6,0.9,1.0,0.2,1.0
11-873,"Rice, wild, boiled in unsalted water",AC,145.0,5.3,31.7,0.6,2.5,0.4,4.0
11-872,"Rice, wild, raw",AC,343.0,12.2,75.8,1.1,4.3,0.1,4.0
19-566,"Risotto, chicken, homemade",MR,173.0,8.9,25.3,3.3,0.8,,355.0
11-999,"Risotto, plain, homemade",AT,184.0,3.3,35.6,4.7,0.9,1.0,447.0
15-864,"Risotto, vegetable, brown rice",DR,136.0,4.0,17.3,6.2,,1.8,74.0
15-863,"Risotto, white rice, vegetable, homemade",DR,139.0,3.8,18.5,6.1,,1.7,74.0
15-281,"Rissoles, brown rice, fried in sunflower oil",DR,216.0,5.6,30.8,8.8,,1.5,350.0
15-282,"Rissoles, brown rice, fried in vegetable oil",DR,216.0,5.6,30.8,8.8,,1.5,350.0
15-865,"Rissoles, chick pea, fried in sunflower oil",DR,243.0,8.0,16.0,16.7,,0.4,11.0
15-866,"Rissoles, chick pea, fried in vegetable oil",DR,243.0,8.0,16.0,16.7,,0.4,11.0
15-279,"Rissoles, lentil, fried in sunflower oil",DR,211.0,8.9,22.0,10.5,,2.0,230.0
15-280,"Rissoles, lentil, fried in vegetable oil",DR,211.0,8.9,22.0,10.5,,2.0,230.0
15-867,"Rissoles, vegetable, fried in sunflower oil",DR,121.0,1.5,13.2,7.2,,1.6,23.0
15-868,"Rissoles, vegetable, fried in vegetable oil",DR,121.0,1.5,13.2,7.2,,1.6,23.0
11-1109,"Rock cakes, homemade",AN,386.0,5.3,61.8,14.8,1.4,32.0,382.0
16-134,"Rock Salmon/Dogfish, in batter, fried in blended oil",JA,295.0,14.7,10.3,21.9,,0,160.0
16-135,"Rock Salmon/Dogfish, in batter, fried in blended oil, weighed with bones",JA,274.0,13.7,9.6,20.4,,0,150.0
16-136,"Rock Salmon/Dogfish, in batter, fried in dripping",JA,295.0,14.7,10.3,21.9,,0,160.0
16-137,"Rock Salmon/Dogfish, in batter, fried in dripping, weighed with bones",JA,274.0,13.7,9.6,20.4,,0,150.0
16-138,"Rock Salmon/Dogfish, in batter, fried in retail blend oil",JA,295.0,14.7,10.3,21.9,,0,160.0
16-139,"Rock Salmon/Dogfish, in batter, fried in retail blend oil, weighed with bones",JA,274.0,13.7,9.6,20.4,,0,150.0
16-140,"Rock Salmon/Dogfish, in batter, fried in sunflower oil",JA,295.0,14.7,10.3,21.9,,0,160.0
16-141,"Rock Salmon/Dogfish, in batter, fried in sunflower oil, weighed with bones",JA,274.0,13.7,9.6,20.4,,0,150.0
16-133,"Rock Salmon/Dogfish, raw",JA,154.0,16.6,0.0,9.7,,0.0,120.0
13-522,"Rocket, raw",DG,18.0,3.6,0.0,0.4,1.7,0,30.0
16-301,"Roe, cod, hard, coated in batter, fried",JR,189.0,12.4,8.9,11.8,,0,510.0
16-299,"Roe, cod, hard, raw",JR,104.0,21.7,0.0,1.9,,0.0,110.0
16-302,"Roe, herring, soft, raw",JR,91.0,16.8,0.0,2.6,,0.0,120.0
16-132,"Rohu, raw",JA,79.0,16.6,0.0,1.4,,0.0,100.0
13-882,"Rosemary, dried",H,331.0,4.9,46.4,15.2,42.6,,50.0
13-892,"Rosemary, fresh",H,99.0,1.4,13.5,4.4,12.4,,15.0
15-869,"Roulade, spinach",DR,182.0,10.1,4.5,13.3,,2.0,269.0
11-1111,"Rum baba, homemade",AP,222.0,3.7,33.1,7.7,,19.7,59.0
11-940,Rusks,AK,396.0,6.5,73.0,10.7,2.4,23.4,88.0
15-629,"Saag, homemade",DR,111.0,3.3,5.0,8.8,2.3,1.7,385.0
13-852,Saffron,H,310.0,11.4,61.5,5.9,,42.4,150.0
13-854,"Sage, dried, ground",H,315.0,10.6,42.7,12.7,,,11.0
13-853,"Sage, fresh",H,119.0,3.9,15.6,4.6,,,4.0
11-023,"Sago, raw",AA,355.0,0.2,94.0,0.2,,0,3.0
17-703,Salad cream,WCG,326.0,1.5,21.2,26.7,0.5,16.7,700.0
17-704,"Salad cream, reduced fat",WCG,157.0,1.0,15.5,10.6,0.5,9.2,530.0
15-870,"Salad, beetroot and onion in French dressing",DR,71.0,1.9,9.5,3.1,,8.2,125.0
15-871,"Salad, Greek",DR,131.0,2.7,1.9,12.6,,1.8,209.0
15-648,"Salad, green",DR,13.0,1.0,1.6,0.4,,1.6,8.0
15-872,"Salad, pasta, vegetables and mayonnaise",DR,150.0,3.7,17.5,7.9,,1.9,22.0
15-873,"Salad, potato, with French dressing",DR,111.0,1.5,15.8,5.0,1.5,2.1,93.0
15-874,"Salad, potato, with mayonnaise",DR,239.0,1.6,12.7,20.6,1.2,1.5,37.0
15-654,"Salad, potato, with mayonnaise, retail",DR,158.0,1.5,12.3,11.8,1.2,1.9,160.0
15-875,"Salad, rice, brown",DR,160.0,3.5,21.6,7.3,,5.0,170.0
15-649,"Salad, rice, homemade",DR,168.0,3.1,24.5,7.0,,4.9,171.0
15-876,"Salad, tomato and onion",DR,45.0,0.6,4.9,2.7,1.3,4.1,44.0
15-878,"Salad, Waldorf",DR,196.0,1.5,7.9,17.8,,7.9,31.0
15-294,"Salad, wholemeal pasta, with vegetables and mayonnaise",DR,131.0,3.1,13.8,7.5,,2.6,73.0
19-517,Salami,MI,438.0,20.9,0.5,39.2,0.4,0.5,1530.0
19-508,Salami snack,MI,504.0,25.1,1.9,44.0,0.5,1.9,1600.0
19-625,"Salmis of pheasant, homemade",MR,106.0,9.9,2.4,5.6,,1.4,219.0
16-453,"Salmon en croute, retail",JR,288.0,11.8,18.0,19.1,,0.9,190.0
16-359,"Salmon, farmed, flesh only, baked",J,232.0,25.2,0.0,14.6,0,0.0,49.0
16-357,"Salmon, farmed, flesh only, grilled",J,239.0,24.6,0.0,15.6,0,0.0,49.0
16-484,"Salmon, farmed, flesh only, grilled, weighed with bones and skin",JC,208.0,21.4,0.0,13.6,0,0.0,43.0
16-356,"Salmon, farmed, flesh only, raw",J,217.0,20.4,0.0,15.0,0.2,0.0,43.0
16-358,"Salmon, farmed, flesh only, steamed",J,261.0,23.6,0.0,18.5,0,0.0,51.0
16-483,"Salmon, farmed, flesh only, steamed, fillets weighed with bones and skin",JC,227.0,20.5,0.0,16.1,0,0.0,45.0
16-420,"Salmon, pink, canned in brine, drained",JC,138.0,23.6,0.0,4.8,0.0,0.0,352.0
16-418,"Salmon, red, canned in brine, drained",JC,160.0,23.5,0.0,7.3,0.0,0.0,430.0
16-419,"Salmon, red, canned in brine, skinless and boneless, drained",JC,153.0,23.2,0.0,6.7,0.0,0.0,379.0
16-412,"Salmon, smoked (cold-smoked)",JC,184.0,22.8,0.5,10.1,0.0,0.5,1184.0
16-413,"Salmon, smoked (hot-smoked)",JC,186.0,25.4,1.3,8.8,0.0,1.3,848.0
16-485,"Salmon, wild, baked",JC,215.0,26.5,0.0,12.1,0.0,0.0,58.0
16-360,"Salmon, wild, flesh only, raw",J,179.0,22.1,0.0,10.1,0.0,0.0,48.0
16-486,"Salmon, wild, grilled",JC,210.0,25.9,0.0,11.8,0.0,0.0,56.0
16-487,"Salmon, wild, steamed",JC,206.0,25.3,0.0,11.6,0.0,0.0,55.0
13-601,"Salsify, flesh only, boiled in unsalted water",DG,23.0,1.1,8.6,0.4,,1.4,5.0
13-334,"Salsify, flesh only, raw",DG,27.0,1.3,10.2,0.3,,1.5,5.0
17-367,Salt,WY,0.0,0.0,0.0,0.0,0.0,0.0,39300.0
16-010,"Salted fish, Chinese, bones removed, steamed",JA,155.0,33.9,0.0,2.2,,0.0,5560.0
12-467,"Sambar, homemade",DR,49.0,3.1,7.7,0.9,2.4,1.9,444.0
19-596,"Samosas, lamb, baked, homemade",MR,288.0,11.1,23.1,17.5,2.3,1.6,40.0
19-597,"Samosas, lamb, deep fried in rapeseed oil, homemade",MI,379.0,8.1,16.9,31.5,1.7,1.2,29.0
15-305,"Samosas, vegetable, retail",DR,217.0,5.1,30.0,9.3,3.5,2.7,390.0
11-955,"Sandwich, white bread, bacon, lettuce and tomato",AB,230.0,8.2,24.1,11.9,1.5,2.4,477.0
11-963,"Sandwich, white bread, cheddar cheese and pickle",AB,282.0,12.0,27.7,14.4,1.5,4.6,591.0
11-964,"Sandwich, white bread, chicken salad",AB,172.0,10.7,22.5,4.9,1.4,2.1,235.0
11-966,"Sandwich, white bread, egg mayonnaise",AB,243.0,8.8,28.5,11.2,1.5,2.2,323.0
11-965,"Sandwich, white bread, ham salad",AB,163.0,8.2,25.0,4.1,1.6,2.5,405.0
11-967,"Sandwich, white bread, tuna mayonnaise",AB,237.0,12.5,25.3,10.2,1.4,2.1,350.0
14-256,"Sapodilla, flesh only",FA,69.0,0.6,15.5,0.9,,14.7,7.0
16-424,"Sardines, canned in brine, drained",JC,170.0,22.1,0.0,9.1,0.0,0.0,368.0
16-440,"Sardines, canned in olive oil, drained",JC,220.0,23.3,0.0,14.1,0.0,0.0,400.0
16-439,"Sardines, canned in sunflower oil, drained",JC,220.0,23.3,0.0,14.1,0.0,0.0,400.0
16-422,"Sardines, canned in tomato sauce, whole contents",JC,175.0,18.5,0.9,10.8,0,0.9,315.0
16-438,"Sardines, flesh only, grilled",JC,172.0,25.4,0.0,7.8,0.0,0.0,174.0
16-488,"Sardines, flesh only, grilled, weighed with skin and bones",JC,108.0,16.0,0.0,4.9,0.0,0.0,110.0
16-401,"Sardines, flesh only, raw",JC,134.0,19.8,0.0,6.1,0.0,0.0,136.0
12-593,"Sauce, cheese, packet mix, dry",BV,486.0,19.3,40.9,28.4,1.7,5.6,2700.0
17-628,"Sauce, Chinese cook in, sweet & sour",WC,94.0,0.5,22.1,1.0,0.8,19.4,250.0
17-629,"Sauce, Chinese stir fry",WC,92.0,1.4,19.9,1.3,0.9,16.7,570.0
15-879,"Sauce, curry, onion, with butter, homemade",DR,252.0,1.2,6.6,24.7,1.6,4.4,228.0
15-880,"Sauce, curry, onion, with vegetable oil, homemade",DR,298.0,1.0,6.5,30.0,1.6,4.2,11.0
15-751,"Sauce, curry, sweet, UK type, homemade",DR,92.0,1.1,9.8,5.7,,5.7,12.0
15-881,"Sauce, curry, tomato and onion, homemade",DR,201.0,1.7,6.1,19.2,2.0,4.6,29.0
17-329,"Sauce, dry, casserole mix",WC,330.0,9.7,68.2,3.9,,12.2,5400.0
17-330,"Sauce, dry, casserole mix, made up",WC,35.0,1.1,7.3,0.4,,1.2,590.0
19-577,"Sauce, duck a l'orange",MR,66.0,0.5,7.1,3.7,,1.8,399.0
17-626,"Sauce, Indian cook in, korma/tikka masala",WC,133.0,1.7,10.9,9.5,2.5,7.4,270.0
17-625,"Sauce, pasta, carbonara type",WC,151.0,4.9,3.8,13.0,1.3,0.8,340.0
17-624,"Sauce, pasta, four cheese",WC,129.0,5.1,5.8,9.7,1.3,1.9,325.0
17-618,"Sauce, pasta, tomato based, for bolognese",WC,44.0,1.5,6.9,1.3,2.0,6.1,290.0
17-619,"Sauce, pasta, tomato based, napoletana",WC,65.0,1.5,6.5,3.8,2.3,6.3,290.0
17-620,"Sauce, pasta, tomato based, reduced fat",WC,33.0,1.4,6.7,0.3,2.0,5.6,230.0
17-621,"Sauce, pasta, tomato based, with added vegetables",WC,46.0,1.4,5.7,2.1,2.4,5.1,230.0
17-827,"Sauce, pasta, white, with ham and mushrooms, homemade",WC,129.0,7.3,1.0,10.6,0.4,1.0,198.0
17-336,"Sauce, sweet and sour, take-away",WCN,157.0,0.2,32.8,3.4,,27.5,150.0
15-882,"Sauce, tomato and mushroom, homemade",DR,46.0,1.4,6.0,2.0,1.5,4.7,6.0
17-834,"Sauce, tomato based, homemade",WC,70.0,1.5,6.5,4.5,1.3,5.1,8.0
17-630,"Sauce, traditional cook in, tomato based",WC,43.0,0.9,8.1,1.0,1.5,4.9,300.0
17-631,"Sauce, traditional cook in, white sauce based",WC,105.0,1.6,5.7,8.6,2.3,2.8,370.0
17-627,"Sauces, Indian cook in, other",WC,67.0,1.4,8.7,3.2,2.5,6.1,300.0
13-336,Sauerkraut,DR,9.0,1.1,1.1,0.0,,1.1,590.0
19-468,"Sausage roll, flaky pastry, ready-to-eat, retail",MI,352.0,8.4,27.0,24.1,3.4,1.3,577.0
19-643,"Sausage rolls, short pastry, homemade",MI,395.0,9.9,25.6,28.8,3.3,2.1,376.0
19-653,"Sausages, beef, fried in vegetable oil",MI,267.0,17.6,10.7,17.4,1.6,2.6,490.0
19-489,"Sausages, beef, grilled",MI,265.0,17.2,11.0,17.2,1.6,2.4,500.0
19-656,"Sausages, beef, raw",MI,258.0,12.7,8.4,19.5,1.5,2.6,380.0
19-512,"Sausages, pork, chilled, fried in vegetable oil",MI,308.0,13.9,9.9,23.9,2.1,1.6,640.0
19-509,"Sausages, pork, chilled, grilled",MI,294.0,14.5,9.8,22.1,2.3,1.5,640.0
19-654,"Sausages, pork, frozen, fried in vegetable oil",MI,316.0,13.8,10.0,24.8,2.1,0.5,640.0
19-655,"Sausages, pork, frozen, grilled",MI,289.0,14.8,10.5,21.2,2.3,0.5,640.0
19-510,"Sausages, pork, raw",MI,309.0,11.9,9.6,25.0,2.8,2.8,470.0
19-662,"Sausages, pork, reduced fat, fried in vegetable oil",MI,144.0,14.9,8.8,5.7,2.3,2.6,560.0
19-511,"Sausages, pork, reduced fat, grilled",MI,160.0,16.2,10.7,6.1,2.5,3.4,680.0
19-658,"Sausages, pork, reduced fat, raw",MI,141.0,14.4,8.7,5.6,2.3,3.5,500.0
19-661,"Sausages, premium, fried in vegetable oil",MI,256.0,17.9,2.5,19.5,,1.0,560.0
19-513,"Sausages, premium, grilled",MI,275.0,19.0,2.3,21.1,0.6,0.9,570.0
19-657,"Sausages, premium, raw",MI,254.0,13.8,2.6,21.0,0.5,1.5,500.0
15-658,"Sausages, vegetarian, baked/grilled",DR,179.0,14.9,9.2,9.4,,1.3,550.0
19-319,"Saveloy, unbattered, takeaway",MI,296.0,13.8,10.8,22.3,,1.3,1150.0
16-262,"Scallops, steamed",JM,118.0,23.2,3.4,1.4,,0,180.0
16-409,"Scampi, coated in breadcrumbs, baked",JR,232.0,11.6,24.3,10.5,1.5,0.8,561.0
16-443,"Scampi, coated in breadcrumbs, fried in sunflower oil",JK,243.0,10.6,22.2,13.0,1.4,0.7,512.0
16-442,"Scampi, in breadcrumbs, frozen, fried in rapeseed oil",JK,243.0,10.6,22.2,13.0,1.4,0.7,512.0
11-1112,"Scones, cheese, homemade",AP,358.0,10.1,45.3,16.4,2.1,1.9,659.0
11-993,"Scones, fruit, retail",AP,338.0,6.5,56.2,11.2,2.9,18.9,400.0
11-1115,"Scones, fruit, wholemeal, homemade",AP,322.0,7.7,50.8,11.1,,13.9,542.0
11-958,"Scones, plain, homemade",AP,352.0,7.2,55.9,12.7,2.4,5.4,635.0
11-827,"Scones, plain, retail",AN,346.0,7.2,55.2,12.3,2.2,12.7,592.0
11-1113,"Scones, potato, homemade",AP,279.0,4.8,36.8,13.6,1.9,1.4,653.0
11-1114,"Scones, wholemeal, homemade",AP,319.0,8.2,46.6,12.3,5.8,5.6,602.0
17-835,"Scotch broth, homemade",WAA,74.0,6.8,4.0,3.5,,1.6,22.0
19-518,"Scotch eggs, retail",MI,241.0,12.0,13.1,16.0,1.7,0,330.0
11-1116,"Scotch pancakes, homemade",AP,270.0,6.6,41.1,9.8,1.7,7.7,212.0
11-544,"Scotch pancakes, retail",AP,270.0,5.6,43.0,9.6,1.9,21.5,418.0
16-454,Seafood selection,JR,87.0,15.6,2.9,1.5,0.0,0,620.0
16-415,Seafood sticks,JR,102.0,7.3,14.9,1.9,0.0,4.8,714.0
13-337,"Seakale, stem only, boiled in unsalted water",DG,8.0,1.4,0.6,0.0,,0.6,4.0
13-338,"Seaweed, Irish moss, raw",DG,8.0,1.5,0.0,0.2,,0,67.0
13-339,"Seaweed, kombu, dried, raw",DG,43.0,7.1,0.0,1.6,,0,1830.0
13-340,"Seaweed, nori, dried, raw",DG,136.0,30.7,0.0,1.5,,0,790.0
13-341,"Seaweed, wakame, dried, raw",DG,71.0,12.4,0.0,2.4,,0,3220.0
11-903,"Semolina, raw",AA,349.0,10.6,77.9,1.6,2.9,0.6,1.0
16-367,"Sesame prawn toast, takeaway",JR,382.0,12.9,16.7,29.8,3.6,0.8,470.0
14-844,Sesame seeds,GA,598.0,18.2,0.9,58.0,,0.4,20.0
17-836,"Sev/ganthia, homemade",SNC,478.0,18.8,47.1,25.1,8.4,1.9,2.0
11-915,"Sevyian, homemade",AS,119.0,3.8,20.2,3.1,1.0,13.6,40.0
13-342,"Shallots, raw",DG,20.0,1.5,3.3,0.2,,3.3,10.0
17-760,"Shandy, 50% lager, homemade",QA,23.0,0.2,2.9,0.0,0,2.9,7.0
17-821,"Shandy, bottled or canned",QA,24.0,0.0,5.0,0.0,0,5.0,7.0
16-142,"Shark, raw",JA,102.0,23.0,0.0,1.1,,0.0,140.0
14-259,"Sharon fruit, flesh only",FA,73.0,0.8,18.6,0.0,,18.6,5.0
19-626,"Shepherd's pie, homemade",MR,107.0,5.9,9.5,5.4,0.9,0.9,233.0
15-883,"Shepherd's pie, vegetable",DR,114.0,4.5,16.1,3.9,,1.5,5.0
15-655,"Shepherd's pie, vegetable, retail",DR,101.0,1.9,13.3,4.9,,1.7,210.0
17-236,"Sherry, medium",QF,116.0,0.1,5.9,0.0,0.0,5.9,27.0
19-525,Shish kebab in pitta bread with salad,MR,149.0,13.6,15.4,4.1,1.2,1.3,300.0
19-150,"Shish kebab, meat only",MR,206.0,29.0,0.0,10.0,0.0,0.0,510.0
19-627,"Shish kebabs, with onions and peppers, homemade",MR,206.0,12.8,4.6,15.2,,3.0,42.0
11-802,Shortbread,AM,515.0,5.3,62.2,29.0,2.2,15.6,321.0
11-837,"Shortcake, caramel, chocolate covered, retail",AN,466.0,4.7,53.6,27.3,2.3,36.2,258.0
16-245,"Shrimps, boiled",JK,117.0,23.8,0.0,2.4,,0,3840.0
16-246,"Shrimps, boiled, weighed with shells",JK,39.0,7.9,0.0,0.8,,0,1270.0
16-247,"Shrimps, canned in brine, drained",JK,94.0,20.8,0.0,1.2,,0,980.0
16-249,"Shrimps, dried",JK,245.0,55.8,0.0,2.4,,0,4330.0
16-248,"Shrimps, frozen",JK,73.0,16.5,0.0,0.8,,0,380.0
16-144,"Skate, grilled",JA,79.0,18.9,0.0,0.5,,0.0,150.0
16-145,"Skate, grilled, weighed with bones",JA,59.0,14.0,0.0,0.3,,0.0,110.0
16-143,"Skate, raw",JA,64.0,15.1,0.0,0.4,,0.0,120.0
17-096,Smartie-type sweets,SEA,456.0,5.4,73.9,17.5,,70.8,58.0
17-747,Smoothies,PE,49.0,0.5,12.2,0.1,1.0,11.6,0
16-477,"Sole, flesh only, grilled, fillets weighed with skin",JA,71.0,16.6,0.0,0.5,0.0,0.0,116.0
12-393,"Sorbet, fruit",BP,97.0,0.2,24.8,0.3,1.0,23.3,10.0
12-958,"Souffle, cheese, homemade",CD,237.0,11.6,10.8,16.8,0.4,2.3,266.0
12-959,"Souffle, plain, homemade",CD,177.0,7.7,10.5,11.9,0.4,2.5,158.0
17-637,"Soup, broccoli and stilton, carton, chilled",WA,51.0,2.3,3.8,3.1,,1.5,200.0
17-634,"Soup, carrot and coriander, carton, chilled",WA,45.0,0.9,4.7,2.6,1.0,3.0,180.0
17-776,"Soup, carrot and orange, homemade",WAA,20.0,0.3,3.8,0.5,1.7,3.5,11.0
17-850,"Soup, chicken noodle, dried",WAE,322.0,17.1,56.0,4.8,,4.4,3740.0
17-714,"Soup, chicken noodle, dried, as served",WAE,19.0,1.0,3.2,0.3,,0.3,220.0
17-695,"Soup, chicken, cream of, canned",WAC,58.0,1.7,4.5,3.8,0,1.1,240.0
17-696,"Soup, chicken, cream of, canned, condensed",WAC,85.0,2.6,6.0,5.8,0,1.4,490.0
17-652,"Soup, cream of tomato, canned",WAC,51.0,0.9,7.8,2.0,0.6,5.5,245.0
17-794,"Soup, French onion, homemade",WAA,41.0,0.9,5.0,2.2,1.3,3.7,231.0
17-795,"Soup, gazpacho, homemade",WAA,46.0,0.8,2.9,3.6,,2.5,128.0
17-796,"Soup, goulash, homemade",WAA,106.0,7.7,7.2,5.8,1.2,1.9,545.0
17-653,"Soup, instant, dried, as purchased",WAE,384.0,5.9,64.1,13.4,5.6,17.4,2376.0
17-660,"Soup, instant, dried, as served",WAE,37.0,0.6,6.2,1.3,0.5,1.7,229.0
17-698,"Soup, lentil, canned",WAC,46.0,3.1,8.5,0.2,,1.2,200.0
17-808,"Soup, lentil, homemade",WAA,121.0,5.9,14.6,4.8,,1.7,58.0
17-699,"Soup, low calorie, canned",WAC,33.0,0.9,6.2,0.7,0.7,2.4,170.0
17-711,"Soup, minestrone, canned",WA,31.0,1.1,6.6,0.2,0.9,1.8,200.0
17-810,"Soup, minestrone, homemade",WAA,60.0,2.1,7.6,2.3,,1.4,389.0
17-813,"Soup, mulligatawny, homemade",WAA,90.0,1.9,8.1,6.4,0.8,2.9,464.0
17-635,"Soup, mushroom, carton, chilled",WA,48.0,1.5,4.9,2.7,0.3,1.4,280.0
17-713,"Soup, mushroom, cream of, canned",WAC,46.0,1.1,3.9,3.0,,0.8,230.0
17-700,"Soup, oxtail, canned",WAC,44.0,2.4,5.1,1.7,,0.9,220.0
17-829,"Soup, pea and ham, homemade",WAA,73.0,4.1,9.8,2.2,,1.5,235.0
17-831,"Soup, potato and leek, homemade",WAA,56.0,1.5,6.2,2.2,,1.5,47.0
17-636,"Soup, tomato, carton, chilled",WA,37.0,0.9,4.3,1.9,1.4,3.3,198.0
17-712,"Soup, vegetable, canned",WAC,39.0,1.4,7.4,0.6,,2.6,230.0
17-684,"Soup, vegetable, homemade",WAA,55.0,1.0,3.7,4.2,,1.8,315.0
17-721,"Soy sauce, light and dark varieties",WCN,79.0,3.0,17.9,0.0,0,16.4,5500.0
19-628,"Spaghetti bolognese, homemade",MR,151.0,8.1,17.2,6.1,1.2,1.8,92.0
19-542,"Spaghetti bolognese, retail, meat and sauce only, reheated",MR,108.0,9.3,5.3,5.7,,3.0,290.0
19-524,"Spaghetti bolognese, retail, reheated, with spaghetti",MR,126.0,6.6,20.0,2.8,,1.9,182.0
13-550,"Spinach, baby, boiled in unsalted water",DG,20.0,3.2,0.2,0.7,1.2,0,42.0
13-521,"Spinach, baby, raw",DG,16.0,2.6,0.2,0.6,1.0,0,30.0
17-417,"Spinach, dried",DI,211.0,24.3,13.8,6.9,,12.9,1220.0
13-458,"Spinach, frozen, boiled in unsalted water",DG,21.0,3.1,0.5,0.8,,0.3,16.0
13-573,"Spinach, mature, boiled in unsalted water",DG,19.0,2.2,0.8,0.8,,0.8,120.0
13-572,"Spinach, mature, raw",DG,25.0,2.8,1.6,0.8,,1.5,140.0
17-247,"Spirits, 40% volume",QK,222.0,0.0,0.0,0.0,0.0,0,0
16-219,"Sprats, fried",JC,415.0,24.9,0.0,35.0,,0.0,240.0
16-220,"Sprats, fried, weighed with bones",JC,249.0,14.9,0.0,21.0,,0.0,140.0
16-218,"Sprats, raw",JC,172.0,18.3,0.0,11.0,,0.0,200.0
13-350,"Spring greens, boiled in unsalted water",DG,20.0,1.9,1.6,0.7,,1.4,10.0
13-348,"Spring greens, raw",DG,33.0,3.0,3.1,1.0,,2.7,20.0
13-352,"Spring onions, bulbs and tops, raw",DG,23.0,2.0,3.0,0.5,,2.8,7.0
13-351,"Spring onions, bulbs only, raw",DG,35.0,0.9,8.5,0.0,,8.5,13.0
19-327,"Spring rolls, meat, takeaway",MR,242.0,6.5,18.2,16.4,2.0,1.8,485.0
13-354,"Squash, acorn, baked",DG,56.0,1.1,12.6,0.1,,1.6,4.0
13-353,"Squash, acorn, raw",DG,40.0,0.8,9.0,0.1,,1.0,3.0
13-644,"Squash, butternut, baked",DG,39.0,1.4,8.4,0.2,2.1,8.4,0
13-643,"Squash, butternut, boiled in unsalted water",DG,24.0,0.9,5.1,0.1,1.3,5.1,0
13-355,"Squash, butternut, raw",DG,36.0,1.1,8.3,0.1,,4.5,4.0
13-358,"Squash, spaghetti, baked",DG,23.0,0.7,4.3,0.3,,3.4,18.0
13-357,"Squash, spaghetti, raw",DG,26.0,0.6,4.6,0.6,,3.6,17.0
16-267,"Squid, dried",JM,313.0,63.3,4.8,4.6,,0,940.0
16-263,"Squid, raw",JM,81.0,15.4,1.2,1.7,,0,110.0
14-059,Star fruit,FA,32.0,0.5,7.3,0.3,,7.1,2.0
19-630,"Steak and kidney pudding, homemade",MI,210.0,10.7,18.6,10.9,,0.8,87.0
19-473,"Stew, beef, homemade",MR,105.0,11.9,4.8,4.6,1.1,2.0,259.0
19-550,"Stew, beef, made with lean beef, homemade",MR,93.0,12.2,4.8,3.1,1.1,2.0,260.0
19-590,"Stew, beef, with dumplings, homemade",MR,190.0,10.1,16.2,10.0,,1.6,240.0
19-479,"Stew, Irish, homemade",MR,119.0,7.3,9.4,6.2,1.5,1.9,115.0
19-585,"Stew, Irish, made with lean lamb, homemade",MR,107.0,7.6,8.6,4.9,1.5,1.8,26.0
19-460,"Stir-fry beef with green peppers and blackbean sauce, takeaway",MR,103.0,10.5,2.7,5.6,,1.0,577.0
17-680,Stock gel,WY,163.0,6.7,27.8,3.6,1.8,5.7,6450.0
17-681,"Stock, chicken, ready made, retail",WY,12.0,2.3,0.2,0.2,0.3,0.1,225.0
17-767,"Stout, Guinness",QA,37.0,0.4,3.2,0.0,0,3.2,6.0
14-324,"Strawberries, raw",FA,30.0,0.6,6.1,0.5,3.8,6.1,1.0
11-919,"Strudel, fruit filled, retail, frozen",AS,241.0,2.7,29.1,13.5,5.4,10.6,
17-371,"Stuffing mix, dried",AT,338.0,9.9,67.2,5.2,,4.4,1460.0
17-372,"Stuffing mix, dried, assorted flavours, made up",AT,97.0,2.8,19.3,1.5,,1.3,420.0
11-1000,"Stuffing, sage and onion, homemade",AT,253.0,5.6,29.4,13.3,,5.4,263.0
17-011,"Suet, shredded",OF,826.0,0.0,12.1,86.7,,0.2,0
17-759,"Suet, vegetable, reduced fat",OF,718.0,2.5,31.1,65.7,1.3,1.4,10.0
14-076,"Sugar apple, flesh only",FA,69.0,1.6,16.1,0.3,,14.9,7.0
17-060,"Sugar, brown",SC,380.0,0.1,101.3,0.0,0.0,101.3,31.0
17-061,"Sugar, Demerara",SC,394.0,0.5,104.5,0.0,0.0,104.5,5.0
17-062,"Sugar, icing",SC,393.0,0.0,104.9,0.0,0.0,103.8,12.0
17-063,"Sugar, white",SC,394.0,0.0,105.0,0.0,0.0,105.0,5.0
14-263,Sultanas,FA,275.0,2.7,69.4,0.4,,69.4,19.0
14-845,Sunflower seeds,GA,576.0,19.8,18.6,47.5,,1.7,3.0
14-846,"Sunflower seeds, toasted",GA,602.0,20.5,19.3,49.2,,1.8,3.0
16-361,"Sushi, salmon nigiri",JR,152.0,8.7,25.2,2.5,1.2,3.2,360.0
16-362,"Sushi, tuna nigiri",JR,170.0,8.4,30.3,2.5,1.2,4.7,331.0
15-617,"Sushi, vegetable",DR,148.0,3.4,32.8,1.3,1.6,7.0,521.0
13-650,"Swede, flesh only, boiled in unsalted water",DG,26.0,0.7,5.8,0.1,3.0,5.7,4.0
13-359,"Swede, flesh only, raw",DG,24.0,0.7,5.0,0.3,,4.9,15.0
19-324,"Sweet and sour chicken, takeaway",MR,194.0,7.6,19.7,10.0,,10.7,259.0
19-304,"Sweet and sour pork, battered, takeaway",MR,240.0,7.8,22.4,13.9,1.2,11.5,249.0
19-485,"Sweet and sour pork, homemade",MR,176.0,12.7,11.6,8.3,,7.8,282.0
15-884,Sweet potato and onion layer,DR,124.0,3.4,23.3,1.8,,6.8,66.0
13-672,"Sweet potato, baked",DG,115.0,1.6,27.9,0.4,5.2,14.5,52.0
13-646,"Sweet potato, flesh only, boiled in unsalted water",DG,58.0,1.7,13.0,0.2,2.7,9.4,37.0
13-463,"Sweet potato, raw, flesh only",DG,87.0,1.2,21.3,0.3,,5.7,40.0
13-671,"Sweet potato, steamed",DG,84.0,1.1,20.4,0.3,2.7,8.4,35.0
13-647,"Sweet potato, wedges, flesh and skin, baked in rapeseed oil",DG,139.0,2.9,24.7,3.9,5.2,18.8,69.0
18-422,"Sweetbread, lamb, fried in corn oil",MG,217.0,28.7,0.0,11.4,,0.0,52.0
18-421,"Sweetbread, lamb, raw",MG,131.0,15.3,0.0,7.8,,0.0,75.0
13-634,"Sweetcorn, baby, boiled in unsalted water",DG,31.0,2.2,4.6,0.6,2.4,3.8,0
13-635,"Sweetcorn, baby, stir-fried in rapeseed oil",DG,84.25,2.5,5.4,6.0,2.8,4.5,0
13-529,"Sweetcorn kernels, canned in water, drained",DG,78.0,2.6,13.9,1.7,3.1,7.5,1.0
13-609,"Sweetcorn, dried",DI,251.0,13.4,35.5,7.1,,9.4,4.0
13-508,"Sweetcorn, kernels, boiled 'on the cob' in unsalted water",DG,67.0,3.6,9.5,1.9,5.1,2.5,0
13-606,"Sweetcorn, kernels, boiled 'on the cob' in unsalted water, weighed with core",DG,39.0,2.1,5.6,1.1,3.0,1.5,0
13-623,"Sweetcorn, kernels, 'on-the-cob', raw, weighed with core",DG,36.0,2.0,4.8,1.1,,1.2,0
13-622,"Sweetcorn, kernels, raw",DG,60.0,3.4,8.1,1.8,,2.0,1.0
17-101,"Sweets, boiled",SEC,327.0,0.0,87.1,0.0,0.0,86.7,25.0
17-647,"Sweets, chew sweets",SEC,377.0,0.9,85.1,6.0,0,54.5,30.0
17-828,"Sweets, sherbert",SEC,355.0,0.6,93.9,0.0,0,93.9,
16-222,"Swordfish, flesh only, grilled",JC,139.0,22.9,0.0,5.2,,0.0,170.0
16-223,"Swordfish, flesh only, grilled, weighed with bones and skin",JC,123.0,20.4,0.0,4.6,,0.0,150.0
16-221,"Swordfish, flesh only, raw",JC,109.0,18.0,0.0,4.1,,0.0,130.0
17-064,"Syrup, corn, dark",SC,282.0,0.0,76.6,0.0,,28.1,160.0
17-065,"Syrup, golden",SC,298.0,0.3,79.0,0.0,0.0,79.0,270.0
16-335,"Szechuan prawns with vegetables, takeaway",JR,83.0,7.8,2.5,4.7,1.2,0.8,536.0
15-885,Tabouleh,DR,119.0,2.6,17.2,4.6,,0.7,4.0
14-847,Tahini paste,GA,607.0,18.5,0.9,58.9,,0.4,20.0
14-264,"Tamarillos, flesh and seeds",FA,28.0,2.0,4.7,0.3,,4.7,1.0
14-265,Tamarind,FA,238.0,2.3,56.5,0.3,,,15.0
13-855,"Tamarind leaves, fresh",H,115.0,5.8,18.2,2.1,,,
13-856,"Tamarind pulp, flesh only",H,273.0,3.2,64.5,0.3,,64.5,
13-375,"Tannia, raw",DG,107.0,1.3,24.5,0.4,,0.2,4.0
11-027,"Tapioca, raw",AA,359.0,0.4,95.0,0.1,,0,4.0
16-449,Taramasalata,JR,517.0,3.2,7.4,52.9,0.3,1.2,450.0
13-380,"Taro leaves, raw",DG,35.0,4.4,2.6,0.9,,2.2,3.0
13-381,"Taro leaves, steamed",DG,19.0,2.4,1.4,0.5,,1.2,2.0
13-377,"Taro, baked",DG,130.0,1.7,32.4,0.2,,1.4,5.0
13-378,"Taro, boiled in unsalted water",DG,91.0,1.2,22.4,0.2,,0.9,3.0
13-376,"Taro, raw",DG,106.0,1.4,26.2,0.2,,1.1,4.0
13-379,"Taro, steamed",DG,99.0,1.3,24.5,0.2,,1.0,4.0
13-858,"Tarragon, dried, ground",H,295.0,22.8,42.8,7.2,,,62.0
13-857,"Tarragon, fresh",H,49.0,3.4,6.3,1.1,,,9.0
11-1028,"Tart, bakewell, homemade",AS,454.0,6.9,40.8,30.4,1.5,22.7,212.0
11-1058,"Tart, custard, large, homemade",AP,275.0,5.8,25.2,17.4,1.7,5.9,149.0
11-1093,"Tart, mincemeat, one crust, homemade",AP,385.0,3.1,56.4,17.9,,37.6,120.0
17-722,Tartare sauce,WCN,299.0,1.3,17.9,24.6,0.6,16.2,1080.0
11-1123,"Tartlets, strawberry, homemade",AP,202.0,2.4,27.2,10.1,2.2,7.7,86.0
11-845,"Tarts, bakewell, iced, retail",AS,411.0,3.1,65.9,16.8,1.1,45.2,132.0
12-461,"Tarts, custard, individual",BR,263.0,6.7,28.7,14.3,1.1,14.2,114.0
11-1085,"Tarts, jam, homemade",AP,382.0,3.4,58.0,16.8,,37.4,135.0
11-1086,"Tarts, jam, wholemeal, homemade",AP,366.0,4.2,59.6,14.0,,37.4,134.0
17-165,"Tea, black, infusion, average",PAA,0.0,0.1,0.0,0.0,0.0,0,0
17-167,"Tea, black, infusion, strong",PAC,0.0,0.1,0.0,0.0,,0,0
17-166,"Tea, black, infusion, weak",PAC,0.0,0.1,0.0,0.0,,0,0
17-170,"Tea, Chinese, leaves, infusion",PAC,1.0,0.1,0.2,0.0,,0,0
17-171,"Tea, green, infusion",PAC,0.0,0.1,0.0,0.0,0.0,0,1.0
17-172,"Tea, herbal, infusion",PAC,1.0,0.0,0.2,0.0,0.0,0.0,0
17-169,"Tea, infusion, average, with semi-skimmed milk",PAC,7.0,0.5,0.7,0.2,,0.7,7.0
17-168,"Tea, infusion, average, with whole milk",PAC,8.0,0.4,0.5,0.4,,0.5,6.0
13-118,Tempeh,DB,166.0,20.7,6.4,6.4,,0.9,6.0
15-886,"Tempeh burgers, fried in vegetable oil",DR,188.0,8.3,22.2,7.9,1.3,1.0,130.0
13-883,"Thyme, dried, ground",H,276.0,9.1,45.3,7.4,37.0,1.7,55.0
13-893,"Thyme, fresh",H,95.0,3.0,15.1,2.5,12.3,0.6,18.0
14-848,Tigernuts,GA,403.0,4.3,45.7,23.8,,16.1,1.0
16-154,"Tilapia, raw",JA,85.0,17.8,0.0,1.5,,0.0,52.0
15-626,"Tinda subji, homemade",DR,95.0,1.6,4.1,8.1,2.8,4.1,408.0
12-476,Tiramisu,BR,244.0,4.2,27.1,14.0,1.0,21.1,67.0
19-635,"Toad in the hole, homemade",MR,285.0,12.0,20.2,17.9,2.4,3.3,334.0
19-636,"Toad in the hole, made with skimmed milk and reduced fat sausages, homemade",MR,175.0,13.6,19.7,5.2,2.1,3.8,353.0
17-646,"Toffees, mixed",SEC,387.0,2.1,62.9,15.9,0,39.1,312.0
15-887,"Tofu burger, baked",DR,115.0,7.3,13.2,4.0,,2.6,211.0
15-888,Tofu spread,DR,208.0,4.4,2.4,20.1,,2.3,246.0
13-570,"Tofu, soya bean, steamed",DB,73.0,8.1,0.7,4.2,,0.3,4.0
13-571,"Tofu, soya bean, steamed, fried",DB,261.0,23.5,2.0,17.7,,0.9,12.0
13-382,Tomato juice,PE,14.0,0.8,3.0,0.0,,3.0,230.0
17-709,Tomato ketchup,WCN,115.0,1.6,28.6,0.1,0.9,27.5,800.0
13-531,Tomato puree,DG,67.0,4.4,12.9,0.2,4.7,12.9,49.0
50-1173,"Tomato sauce, homemade",WCN,89.0,2.2,8.6,5.5,,4.0,340.0
13-530,"Tomatoes, canned, whole contents",DG,19.0,1.1,3.8,0.1,0.8,3.8,5.0
13-519,"Tomatoes, cherry, raw",DG,22.0,1.1,3.6,0.5,1.3,3.6,4.0
13-603,"Tomatoes, standard, fried in corn oil",DG,89.0,0.8,4.5,7.7,1.5,4.5,3.0
13-602,"Tomatoes, standard, fried in rapeseed oil",DG,89.0,0.8,4.5,7.7,1.5,4.5,3.0
13-518,"Tomatoes, standard, grilled, flesh and seeds only",DG,17.0,0.6,3.4,0.2,0,3.4,2.0
13-517,"Tomatoes, standard, raw",DG,14.0,0.5,3.0,0.1,1.0,3.0,2.0
15-321,"Tomatoes, stuffed with rice",DR,212.0,2.1,22.2,13.4,,7.7,89.0
15-889,"Tomatoes, stuffed with vegetables",DR,95.0,1.7,8.9,6.0,2.6,7.4,5.0
18-423,"Tongue, lamb, raw",MG,193.0,15.3,0.0,14.6,,0.0,420.0
18-424,"Tongue, ox, meat only, pickled, raw",MG,220.0,15.7,0.0,17.5,,0.0,1210.0
18-425,"Tongue, ox, meat only, pickled, stewed",MG,293.0,19.5,0.0,23.9,,0.0,1000.0
18-426,"Tongue, ox, meat only, stewed",MG,242.0,19.4,0.0,18.3,,0.0,860.0
18-427,"Tongue, sheep, meat only, stewed",MG,289.0,18.2,0.0,24.0,,0.0,80.0
17-736,Tonic water,PCA,22.0,0.0,5.9,0.0,0.0,5.9,4.0
17-670,Topic/Snickers and own brand equivalents,SEA,479.0,7.5,52.1,28.2,2.8,46.1,187.0
15-625,"Tori ki subji, homemade",DR,108.0,1.9,3.9,9.5,3.0,3.9,459.0
12-408,"Torte, fruit",BR,258.0,3.8,27.7,15.5,1.2,17.4,88.0
17-644,Tortilla chips fried in sunflower oil,SN,504.0,7.2,60.8,27.4,5.9,2.5,636.0
11-925,"Tortilla, wheat, soft",AF,285.0,7.8,53.9,5.7,3.6,2.0,622.0
14-849,Trail mix,GA,432.0,9.1,37.2,28.5,5.1,37.1,27.0
11-1126,"Treacle tart, homemade",AS,380.0,3.8,59.2,15.9,1.7,33.8,258.0
17-826,"Treacle, black",SC,257.0,1.2,67.2,0.0,0,66.8,180.0
12-409,"Trifle, fruit, retail",BR,164.0,2.6,19.5,9.0,2.4,15.3,65.0
12-600,"Trifle, homemade",BR,167.0,2.7,21.6,7.9,,16.7,76.0
12-601,"Trifle, with Dream Topping",BR,152.0,2.8,22.1,5.9,,17.1,78.0
19-637,"Tripe and onions, stewed, homemade",MR,93.0,8.4,9.4,1.4,1.0,4.8,64.0
18-428,"Tripe, dressed, raw",MG,33.0,7.1,0.0,0.5,,0.0,50.0
50-502,"Tripe, dressed, stewed in milk",MG,100.0,14.8,0.0,4.5,,0,73.0
16-224,"Trout, brown, raw",JC,112.0,19.4,0.0,3.8,,0.0,56.0
50-629,"Trout, brown, steamed",JC,135.0,23.5,0.0,4.5,,0.0,88.0
50-630,"Trout, brown, steamed, weighed with bones",JC,89.0,15.5,0.0,3.0,,0.0,58.0
16-489,"Trout, rainbow, baked, flesh only, fillets weighed with bones and skin",JC,131.0,20.7,0.0,5.3,0.0,0.0,81.0
16-396,"Trout, rainbow, flesh only, baked",JC,150.0,23.8,0.0,6.1,0.0,0.0,93.0
16-395,"Trout, rainbow, flesh only, raw",JC,127.0,19.9,0.0,5.3,0.0,0.0,110.0
17-098,"Truffles, mocha, homemade",SEA,488.0,6.2,63.8,24.9,,62.9,37.0
17-837,"Truffles, rum, homemade",SEA,529.0,6.0,54.2,32.9,,53.4,51.0
16-416,"Tuna, canned in brine, drained",JC,109.0,24.9,0.0,1.0,0.0,0.0,293.0
16-417,"Tuna, canned in sunflower oil, drained",JC,159.0,25.4,0.0,6.4,0.0,0.0,368.0
16-400,"Tuna, flesh only, baked",JC,136.0,32.3,0.0,0.8,0.0,0.0,63.0
16-399,"Tuna, flesh only, raw",JC,107.0,25.2,0.0,0.7,0.0,0.0,66.0
16-156,"Turbot, flesh only, grilled",JA,122.0,22.7,0.0,3.5,,0.0,9.0
16-157,"Turbot, flesh only, grilled, weighed with bones and skin",JA,76.0,14.1,0.0,2.1,,0.0,6.0
16-155,"Turbot, flesh only, raw",JA,95.0,17.7,0.0,2.7,,0.0,68.0
19-638,"Turkey and pasta bake, homemade",MR,130.0,12.0,7.2,5.6,1.0,2.0,142.0
19-543,Turkey slices,MI,114.0,23.0,1.2,1.9,0,0.4,590.0
18-356,"Turkey, breast, fillet, grilled, meat only",MCO,155.0,35.0,0.0,1.7,0.0,0.0,90.0
18-348,"Turkey, dark meat, raw",MCO,104.0,20.4,0.0,2.5,0.0,0.0,90.0
18-358,"Turkey, dark meat, roasted",MCO,177.0,29.4,0.0,6.6,0.0,0.0,110.0
18-365,"Turkey, drumsticks, roasted, meat and skin",MCO,186.0,27.4,0.0,8.5,,0.0,105.0
18-366,"Turkey, drumsticks, roasted, meat and skin, weighed with bone",MCO,134.0,19.7,0.0,6.1,,0.0,75.0
18-364,"Turkey, drumsticks, roasted, meat only",MCO,162.0,27.5,0.0,5.8,,0.0,105.0
18-349,"Turkey, light meat, raw",MCO,105.0,24.4,0.0,0.8,0.0,0.0,50.0
18-359,"Turkey, light meat, roasted",MCO,153.0,33.7,0.0,2.0,0.0,0.0,50.0
18-350,"Turkey, meat, average, raw",MCO,105.0,22.6,0.0,1.6,0.0,0.0,68.0
18-361,"Turkey, meat, average, roasted",MCO,166.0,31.2,0.0,4.6,0.0,0.0,90.0
18-354,"Turkey, mince, stewed",MCO,176.0,28.6,0.0,6.8,,0.0,45.0
18-360,"Turkey, self-basting, light meat, roasted",MCO,163.0,31.7,0.0,4.0,,0.0,90.0
18-362,"Turkey, skin, dry, roasted",MCO,481.0,29.9,0.0,40.2,0.0,0.0,110.0
18-363,"Turkey, skin, moist, roasted",MCO,372.0,21.6,0.0,31.7,,0.0,120.0
18-351,"Turkey, skin, raw",MCO,332.0,14.0,0.0,30.7,,0.0,67.0
19-640,"Turkey, stir-fried with vegetables, homemade",MR,82.0,11.1,3.6,2.3,,2.1,190.0
18-357,"Turkey, strips, stir-fried in corn oil",MCO,164.0,31.0,0.0,4.5,0.0,0.0,60.0
18-355,"Turkey, thighs, diced, casseroled, meat only",MCO,181.0,28.3,0.0,7.5,0.0,0.0,65.0
18-352,"Turkey, whole, raw",MCO,133.0,21.6,0.0,5.2,,0.0,70.0
18-353,"Turkey, whole, raw, weighed with bone",MCO,93.0,15.1,0.0,3.6,,0.0,50.0
18-367,"Turkey, whole, roasted, meat and skin",MCO,190.0,30.9,0.0,7.4,,0.0,90.0
18-368,"Turkey, whole, roasted, meat and skin, weighed with bone",MCO,124.0,20.1,0.0,4.8,,0.0,60.0
17-593,"Turkish delight, with nuts, homemade",SEC,348.0,4.1,82.0,2.6,,81.8,85.0
17-122,"Turkish delight, without nuts",SEC,295.0,0.6,77.9,0.0,0.0,68.6,31.0
13-392,"Turnip tops, boiled in unsalted water",DG,13.0,2.7,0.2,0.0,,0.1,7.0
13-391,"Turnip, boiled in unsalted water",DG,12.0,0.6,2.0,0.2,,1.9,28.0
13-389,"Turnip, flesh only, raw",DG,23.0,0.9,4.7,0.3,,4.5,15.0
17-694,Twiglets,SN,393.0,12.3,63.3,11.8,12.4,0.6,800.0
12-547,Tzatziki,BN,76.0,3.4,3.4,5.5,0.3,3.0,369.0
12-468,"Urad dahl, homemade",DR,81.0,4.8,8.7,3.2,2.7,0.8,334.0
18-487,"Veal, escalope, fried in corn oil",MAI,196.0,33.7,0.0,6.8,0.0,0.0,86.0
18-486,"Veal, escalope, raw",MAI,106.0,22.7,0.0,1.7,0.0,0.0,59.0
18-094,"Veal, mince, raw",MAI,144.0,20.3,0.0,7.0,,0.0,83.0
18-095,"Veal, mince, stewed",MAI,205.0,26.3,0.0,11.1,,0.0,74.0
15-656,"Vegeburger, retail, grilled",DR,161.0,16.6,8.0,7.2,4.5,3.6,490.0
15-657,"Vegetable and cheese grill/burger, in crumbs, baked/grilled",DR,240.0,7.0,23.0,14.0,,1.3,290.0
15-650,"Vegetable bake, homemade",DR,121.0,4.3,13.7,5.9,1.2,4.6,107.0
15-344,"Vegetable stir fry mix, fried in corn oil",DR,64.0,2.0,6.4,3.6,,3.9,11.0
15-661,"Vegetable stir fry mix, fried in rapeseed oil",DR,64.0,2.0,6.4,3.6,,3.9,11.0
15-345,"Vegetable stir fry mix, fried in sunflower oil",DR,64.0,2.0,6.4,3.6,,3.9,11.0
15-621,"Vegetables, mixed, cooked with onion, spice and tomatoes, homemade",DR,82.0,2.4,6.6,5.3,3.3,3.4,374.0
13-543,"Vegetables, mixed, frozen, boiled in unsalted water",DG,42.0,3.3,6.6,0.5,,3.6,15.0
13-604,"Vegetables, mixed, stir-fry type, frozen, fried in rapeseed oil",DG,64.0,2.0,6.4,3.6,,3.9,14.0
15-364,"Vegetables, stir-fried, takeaway",DR,52.0,1.8,2.1,4.1,2.1,0.2,399.0
19-610,"Venison in red wine and port, homemade",MR,88.0,9.7,3.4,2.5,0.6,1.6,186.0
18-390,"Venison, meat only, raw",MEE,103.0,22.2,0.0,1.6,,0.0,55.0
18-491,"Venison, roast",MEE,165.0,35.6,0.0,2.5,0.0,0.0,52.0
17-239,"Vermouth, dry",QG,109.0,0.1,3.0,0.0,0.0,3.0,11.0
15-823,"Vine leaves, stuffed with rice",DR,263.0,2.6,23.8,17.8,,10.5,551.0
17-339,Vinegar,WY,22.0,0.4,0.6,0.0,0.0,0.6,5.0
11-800,"Wafers, plain ice cream wafers, not filled",AM,368.0,10.5,79.7,3.0,3.4,3.5,192.0
11-1130,"Waffles, homemade",AP,335.0,9.0,43.0,15.3,1.9,3.4,306.0
14-879,"Walnuts, kernel only",GA,688.0,14.7,3.3,68.5,,2.6,7.0
14-887,"Walnuts, kernel only, weighed with shells",GA,295.0,6.3,1.4,29.4,,1.1,3.0
13-394,"Water chestnuts, raw",DG,46.0,1.4,10.4,0.2,,4.8,12.0
17-377,"Water, distilled",WY,0.0,0.0,0.0,0.0,0.0,0.0,0.0
13-669,"Watercress, raw",DG,10.0,1.9,0.0,0.3,1.5,0,37.0
11-1131,"Welsh cakes, homemade",AN,432.0,5.5,61.9,17.8,1.7,31.5,238.0
11-1132,"Welsh cheesecakes, homemade",AP,420.0,5.3,49.2,23.8,1.9,22.5,313.0
12-602,"Welsh rarebit, homemade",BV,398.0,13.9,23.1,28.4,1.2,2.4,592.0
12-603,"Welsh rarebit, wholemeal, homemade",BV,387.0,14.4,22.1,27.4,3.5,2.1,581.0
11-904,"Wheat, bulgur, raw",AA,352.0,10.6,77.8,2.0,6.7,1.1,5.0
11-907,Wheatgerm,AA,352.0,27.3,44.7,8.4,13.9,16.0,3.0
16-268,"Whelks, boiled",JM,89.0,19.5,0.0,1.2,,0,280.0
16-269,"Whelks, boiled, weighed with shells",JM,30.0,6.6,0.0,0.4,,0,95.0
16-158,"White fish, dried, salted",JA,148.0,34.5,0.0,1.1,,0.0,7530.0
17-667,"White sauce, savoury, made with semi-skimmed milk, homemade",WCD,131.0,4.4,11.1,8.0,0.3,5.1,100.0
17-778,"White sauce, savoury, made with skimmed milk, homemade",WCD,118.0,4.5,11.1,6.5,0.3,5.2,102.0
17-779,"White sauce, savoury, made with whole milk, homemade",WCD,158.0,4.4,11.6,10.8,0.3,4.9,105.0
17-841,"White sauce, sweet, made with semi-skimmed milk, homemade",WCD,146.0,4.0,18.6,6.7,0.3,13.2,93.0
17-842,"White sauce, sweet, made with skimmed milk, homemade",WCD,134.0,4.1,18.7,5.3,0.3,13.3,95.0
17-843,"White sauce, sweet, made with whole milk, homemade",WCD,163.0,4.0,18.6,8.6,0.3,13.1,93.0
16-231,"Whitebait, in flour, fried",JC,525.0,19.5,5.3,47.5,,0.1,230.0
14-268,"Whitecurrants, raw",FA,26.0,1.3,5.6,0.0,,5.6,2.0
14-269,"Whitecurrants, stewed with sugar",FA,57.0,1.0,14.2,0.0,,14.2,1.0
14-270,"Whitecurrants, stewed without sugar",FA,22.0,1.1,4.8,0.0,,4.8,1.0
16-159,"Whiting, flesh only, raw",JA,81.0,18.7,0.0,0.7,,0.0,90.0
16-160,"Whiting, flesh only, steamed",JA,92.0,20.9,0.0,0.9,,0.0,110.0
16-161,"Whiting, flesh only, steamed, weighed with bones and skin",JA,85.0,19.4,0.0,0.8,,0.0,100.0
16-162,"Whiting, in crumbs, fried in blended oil",JA,191.0,18.1,7.0,10.3,,0.2,200.0
16-163,"Whiting, in crumbs, fried in blended oil, weighed with bones and skin",JA,172.0,16.3,6.3,9.3,,0.2,180.0
16-164,"Whiting, in crumbs, fried in dripping",JA,191.0,18.1,7.0,10.3,,0.2,200.0
16-165,"Whiting, in crumbs, fried in dripping, weighed with bones and skin",JA,172.0,16.3,6.3,9.3,,0.2,180.0
16-166,"Whiting, in crumbs, fried in sunflower oil",JA,191.0,18.1,7.0,10.3,,0.2,200.0
16-167,"Whiting, in crumbs, fried in sunflower oil, weighed with bones and skin",JA,172.0,16.3,6.3,9.3,,0.2,180.0
19-641,"Wiener schnitzel, homemade",MR,213.0,21.2,13.4,8.5,0.2,0.7,117.0
17-812,"Wine, mulled wine, homemade",QE,155.0,0.3,20.2,0.2,0.4,20.2,4.0
17-752,"Wine, red",QE,76.0,0.1,0.2,0.0,0.0,0.2,7.0
17-754,"Wine, rose, medium",QE,79.0,0.1,2.5,0.0,0.0,2.5,4.0
17-755,"Wine, white, dry",QE,75.0,0.1,0.6,0.0,0.0,0.6,4.0
17-756,"Wine, white, medium",QE,75.0,0.1,3.0,0.0,0.0,3.0,11.0
17-757,"Wine, white, sparkling",QE,84.0,0.3,5.1,0.0,0.0,5.1,5.0
17-233,"Wine, white, sweet",QE,94.0,0.2,5.9,0.0,0.0,5.9,13.0
16-270,"Winkles, boiled",JM,72.0,15.4,0.0,1.2,,0,750.0
16-271,"Winkles, boiled, weighed with shells",JM,14.0,2.9,0.0,0.2,,0,140.0
17-723,Worcestershire sauce,WCN,113.0,1.4,28.3,0.1,0,21.5,1500.0
13-398,"Yam, baked",DG,153.0,2.1,37.5,0.4,,0.9,3.0
13-655,"Yam, flesh only, boiled in unsalted water",DG,118.0,1.6,29.3,0.2,2.3,1.9,0
13-397,"Yam, flesh only, raw",DG,114.0,1.5,28.2,0.3,,0.7,2.0
13-401,"Yam, steamed",DG,114.0,1.5,28.2,0.3,,0.7,1.0
17-517,Yeast extract,WY,180.0,40.7,3.5,0.4,0.0,1.6,4300.0
17-378,"Yeast, bakers, compressed",WY,53.0,11.4,1.1,0.4,,0,16.0
17-379,"Yeast, dried",WY,169.0,35.6,3.5,1.5,,0,50.0
12-377,"Yogurt, Greek style, fruit",BN,137.0,4.8,11.2,8.4,0,10.5,64.0
12-555,"Yogurt, Greek style, plain",BN,133.0,5.7,4.8,10.2,0.0,4.5,66.0
12-380,"Yogurt, low fat, fruit",BN,78.0,4.2,13.7,1.1,0.3,12.7,62.0
12-904,"Yogurt, low fat, hazelnut",BNH,91.0,4.4,16.0,1.5,0.9,14.9,58.0
12-379,"Yogurt, low fat, plain",BN,57.0,4.8,7.8,1.0,,7.5,63.0
12-905,"Yogurt, low fat, toffee",BNH,91.0,3.8,18.0,0.9,0.0,16.8,67.0
12-609,"Yogurt, soya, non-dairy alternative to yogurt, fruit, fortified",BN,72.0,3.3,11.0,2.0,1.0,10.7,24.0
12-532,"Yogurt, virtually fat free/diet, fruit",BN,59.0,4.8,10.1,0.2,0.4,9.4,62.0
12-533,"Yogurt, virtually fat free/diet, plain",BN,54.0,5.4,8.2,0.2,0.0,7.9,71.0
12-375,"Yogurt, whole milk, fruit",BN,109.0,4.0,17.7,3.0,,16.6,58.0
12-530,"Yogurt, whole milk, infant, fruit flavour",BN,90.0,3.8,11.1,3.7,0.2,10.4,46.0
12-184,"Yogurt, whole milk, plain",BNE,79.0,5.7,7.8,3.0,0.0,7.8,80.0
12-515,"Yogurt, whole milk, twin pot, not fruit",BN,148.0,4.2,21.5,5.6,0.3,18.2,100.0
12-531,"Yogurt, whole milk, twin pot, thick and creamy with fruit",BN,106.0,4.1,16.2,3.2,1.0,15.6,53.0
11-960,"Yorkshire pudding, made with semi-skimmed milk, homemade",AT,197.0,6.7,25.6,8.3,1.1,3.5,52.0
11-1135,"Yorkshire pudding, made with skimmed milk, homemade",AT,190.0,6.8,25.9,7.4,1.1,3.6,54.0
11-1146,"Yorkshire pudding, made with whole milk",AT,211.0,6.7,25.8,9.8,1.1,3.4,52.0
